iteration,Objective function,residual,left_bc,right_bc
1,8.876129763200879,0.019258039072155952,0.2750065326690674,0.6106806397438049
2,8.502373956143856,0.021873973309993744,0.2664029598236084,0.5816470384597778
3,8.139660470187664,0.024684779345989227,0.25802403688430786,0.5534735321998596
4,7.7881904151290655,0.02767833136022091,0.2498571127653122,0.5261940956115723
5,7.448102151975036,0.030833249911665916,0.24187974631786346,0.4998471438884735
6,7.119454946368933,0.03413354977965355,0.2340843826532364,0.47444775700569153
7,6.802261549979448,0.03757857158780098,0.2264869660139084,0.44998133182525635
8,6.496503986418247,0.041168518364429474,0.21910099685192108,0.4264325499534607
9,6.202147047966719,0.044899921864271164,0.21193277835845947,0.4037919342517853
10,5.9191527254879475,0.04876606538891792,0.20498430728912354,0.3820543587207794
11,5.64749089255929,0.052756939083337784,0.19825494289398193,0.3612184524536133
12,5.387136802077293,0.056859418749809265,0.1917424499988556,0.3412852883338928
13,5.138072911649942,0.061057303100824356,0.1854439526796341,0.3222576081752777
14,4.900281682610512,0.06533141434192657,0.17935645580291748,0.30413857102394104
15,4.673739433288574,0.06965985894203186,0.17347727715969086,0.2869306802749634
16,4.458409771323204,0.07401905953884125,0.16780498623847961,0.27063408493995667
17,4.254237987101078,0.07838515192270279,0.16234001517295837,0.25524526834487915
18,4.061147548258305,0.08273539692163467,0.1570848524570465,0.24075636267662048
19,3.8790414556860924,0.08704923838376999,0.1520441621541977,0.22715505957603455
20,3.707796595990658,0.09130876511335373,0.14722394943237305,0.21442483365535736
21,3.5472653061151505,0.09549833834171295,0.14263078570365906,0.2025459110736847
22,3.397275224328041,0.0996042937040329,0.13827116787433624,0.19149592518806458
23,3.257625952363014,0.10361413657665253,0.1341506987810135,0.18125048279762268
24,3.1280907467007637,0.10751599818468094,0.1302737444639206,0.17178373038768768
25,3.0084154158830643,0.11129812896251678,0.12664319574832916,0.16306853294372559
26,2.898315131664276,0.11494868993759155,0.12326028943061829,0.15507635474205017
27,2.7974777072668076,0.1184556782245636,0.1201247051358223,0.1477774977684021
28,2.705562897026539,0.12180697172880173,0.11723455041646957,0.14114104211330414
29,2.622202880680561,0.12499036639928818,0.11458650976419449,0.1351347416639328
30,2.547004073858261,0.12799382209777832,0.11217586696147919,0.1297251582145691
31,2.479550316929817,0.13080567121505737,0.10999662429094315,0.12487784028053284
32,2.419403627514839,0.13341470062732697,0.10804159194231033,0.12055730074644089
33,2.3661078959703445,0.13581041991710663,0.1063024252653122,0.1167273223400116
34,2.319192335009575,0.1379833072423935,0.10476971417665482,0.11335118860006332
35,2.2781750559806824,0.1399248093366623,0.10343313962221146,0.11039188504219055
36,2.242567405104637,0.14162765443325043,0.10228150337934494,0.10781247168779373
37,2.211878940463066,0.14308613538742065,0.10130287706851959,0.10557640343904495
38,2.1856210082769394,0.14429603517055511,0.1004847064614296,0.10364779084920883
39,2.163313239812851,0.1452549397945404,0.09981399774551392,0.10199183225631714
40,2.144488111138344,0.1459624022245407,0.09927740693092346,0.10057516396045685
41,2.128695771098137,0.1464199274778366,0.09886148571968079,0.09936609864234924
42,2.1155087500810623,0.14663106203079224,0.09855272620916367,0.09833504259586334
43,2.1045262813568115,0.14660146832466125,0.0983377993106842,0.09745468199253082
44,2.0953779220581055,0.1463388204574585,0.09820370376110077,0.09670020639896393
45,2.087727263569832,0.1458527147769928,0.09813793748617172,0.09604951739311218
46,2.081272214651108,0.14515450596809387,0.09812852740287781,0.09548324346542358
47,2.0757481902837753,0.14425714313983917,0.09816431254148483,0.09498479217290878
48,2.070926532149315,0.1431749314069748,0.0982348769903183,0.09454028308391571
49,2.0666152983903885,0.14192335307598114,0.09833074361085892,0.09413845092058182
50,2.0626566261053085,0.14051873981952667,0.09844338148832321,0.09377040714025497
51,2.058925986289978,0.13897812366485596,0.0985652357339859,0.0934295505285263
52,2.05532768368721,0.1373189091682434,0.0986897423863411,0.09311113506555557
53,2.05179363489151,0.1355588436126709,0.0988113135099411,0.09281216561794281
54,2.0482792407274246,0.13371554017066956,0.09892531484365463,0.09253105521202087
55,2.0447584986686707,0.13180650770664215,0.09902797639369965,0.0922672227025032
56,2.0412229895591736,0.1298488825559616,0.09911641478538513,0.09202099591493607
57,2.0376761853694916,0.12785924971103668,0.09918848425149918,0.09179320931434631
58,2.034131422638893,0.12585362792015076,0.09924273192882538,0.09158504754304886
59,2.0306075140833855,0.12384725362062454,0.0992782711982727,0.09139775484800339
60,2.0271280333399773,0.12185446172952652,0.09929483383893967,0.09123252332210541
61,2.023716852068901,0.11988876760005951,0.09929251670837402,0.09109029173851013
62,2.0203976407647133,0.11796259135007858,0.09927181154489517,0.0909716933965683
63,2.0171917900443077,0.1160874143242836,0.09923356026411057,0.09087687730789185
64,2.014116942882538,0.11427357792854309,0.0991787314414978,0.09080560505390167
65,2.0111869499087334,0.11253038793802261,0.09910856187343597,0.0907570943236351
66,2.0084109976887703,0.11086606234312057,0.09902435541152954,0.09073013812303543
67,2.005793310701847,0.10928773134946823,0.09892749041318893,0.09072306752204895
68,2.003333792090416,0.10780148208141327,0.09881939738988876,0.0907338336110115
69,2.001027747988701,0.10641230642795563,0.09870147705078125,0.09076006710529327
70,1.9988677948713303,0.10512429475784302,0.09857513755559921,0.09079921245574951
71,1.9968419075012207,0.10394047200679779,0.09844166785478592,0.09084847569465637
72,1.9949372038245201,0.10286300629377365,0.09830237925052643,0.09090504050254822
73,1.9931378811597824,0.10189315676689148,0.09815838932991028,0.09096608310937881
74,1.9914280995726585,0.10103140026330948,0.09801081568002701,0.0910288542509079
75,1.9897916093468666,0.1002773568034172,0.0978606566786766,0.09109076857566833
76,1.988212265074253,0.09963000565767288,0.09770878404378891,0.09114944189786911
77,1.9866749420762062,0.09908763319253922,0.0975559875369072,0.0912027433514595
78,1.9851657003164291,0.09864792227745056,0.09740295261144638,0.09124882519245148
79,1.9836720451712608,0.09830798953771591,0.09725026786327362,0.09128613770008087
80,1.9821839407086372,0.09806443005800247,0.0970984473824501,0.09131350368261337
81,1.9806927740573883,0.09791339933872223,0.09694790840148926,0.09133002907037735
82,1.9791917204856873,0.09785068035125732,0.09679894894361496,0.09133515506982803
83,1.9776764065027237,0.09787167608737946,0.09665186703205109,0.09132860600948334
84,1.976143792271614,0.09797148406505585,0.09650682657957077,0.09131040424108505
85,1.9745927974581718,0.09814492613077164,0.09636397659778595,0.09128081053495407
86,1.9730234444141388,0.09838666021823883,0.0962233766913414,0.0912403017282486
87,1.9714375734329224,0.09869115054607391,0.0960850790143013,0.09118956327438354
88,1.9698367193341255,0.0990527793765068,0.09594904631376266,0.0911293476819992
89,1.9682243466377258,0.09946577250957489,0.09581523388624191,0.09106062352657318
90,1.966603808104992,0.09992439299821854,0.09568358212709427,0.09098435938358307
91,1.9649786055088043,0.10042290389537811,0.09555400162935257,0.09090156853199005
92,1.9633525013923645,0.10095560550689697,0.09542634338140488,0.09081334620714188
93,1.9617289528250694,0.10151693969964981,0.09530049562454224,0.09072070568799973
94,1.9601111710071564,0.1021014004945755,0.0951763316988945,0.09062464535236359
95,1.9585023000836372,0.10270371288061142,0.09505370259284973,0.09052615612745285
96,1.956904761493206,0.10331877321004868,0.09493248909711838,0.09042610973119736
97,1.9553201645612717,0.10394170880317688,0.09481250494718552,0.09032534062862396
98,1.9537507146596909,0.10456794500350952,0.09469369798898697,0.09022457897663116
99,1.95219686627388,0.10519316792488098,0.09457588195800781,0.09012448787689209
100,1.9506592527031898,0.1058133915066719,0.09445895254611969,0.0900256335735321
101,1.9491384997963905,0.10642499476671219,0.09434285014867783,0.08992850035429001
102,1.9476339742541313,0.1070246621966362,0.09422744065523148,0.08983349055051804
103,1.9461454078555107,0.10760944336652756,0.09411267936229706,0.08974091708660126
104,1.9446721896529198,0.10817679017782211,0.09399847686290741,0.08965106308460236
105,1.943213328719139,0.10872451961040497,0.09388481080532074,0.08956407010555267
106,1.941768355667591,0.10925082117319107,0.09377164393663406,0.08948010951280594
107,1.9403361901640892,0.10975424200296402,0.09365895390510559,0.08939924091100693
108,1.9389156624674797,0.11023368686437607,0.09354674071073532,0.08932145684957504
109,1.9375060573220253,0.11068844050168991,0.09343498945236206,0.08924677222967148
110,1.9361067861318588,0.11111806333065033,0.0933237299323082,0.08917514234781265
111,1.93471709638834,0.11152247339487076,0.09321299195289612,0.0891064703464508
112,1.9333361759781837,0.11190182715654373,0.09310278296470642,0.08904065191745758
113,1.9319641962647438,0.11225659400224686,0.09299317747354507,0.08897758275270462
114,1.9306002855300903,0.11258746683597565,0.09288419783115387,0.0889170840382576
115,1.929244801402092,0.11289532482624054,0.09277590364217758,0.08885904401540756
116,1.9278971254825592,0.11318126320838928,0.0926683321595192,0.0888032540678978
117,1.9265576750040054,0.11344651877880096,0.09256157279014587,0.08874954283237457
118,1.925226554274559,0.11369246244430542,0.09245565533638,0.08869775384664536
119,1.9239038452506065,0.11392051726579666,0.09235063940286636,0.08864769339561462
120,1.9225895777344704,0.11413227766752243,0.09224657714366913,0.08859915286302567
121,1.9212838932871819,0.11432930082082748,0.09214351326227188,0.08855194598436356
122,1.9199877306818962,0.11451319605112076,0.09204152226448059,0.08850593119859695
123,1.9187003895640373,0.11468557268381119,0.09194061160087585,0.08846087008714676
124,1.917422465980053,0.11484799534082413,0.09184082597494125,0.08841662108898163
125,1.9161543473601341,0.11500204354524612,0.09174223989248276,0.08837299048900604
126,1.9148960933089256,0.11514919251203537,0.09164483845233917,0.08832985162734985
127,1.9136474952101707,0.11529087275266647,0.09154864400625229,0.08828701823949814
128,1.9124090522527695,0.11542840301990509,0.0914536863565445,0.08824437856674194
129,1.911180555820465,0.11556306481361389,0.09135997295379639,0.08820177614688873
130,1.9099623560905457,0.11569595336914062,0.09126750379800797,0.08815913647413254
131,1.9087543338537216,0.11582814157009125,0.09117627888917923,0.08811634033918381
132,1.9075567945837975,0.11596053093671799,0.09108629822731018,0.08807332813739777
133,1.9063691049814224,0.11609397828578949,0.09099752455949783,0.08802998811006546
134,1.9051919057965279,0.11622912436723709,0.09090996533632278,0.08798631280660629
135,1.9040246978402138,0.11636658757925034,0.09082357585430145,0.08794223517179489
136,1.9028677642345428,0.11650687456130981,0.09073833376169205,0.08789775520563126
137,1.9017212092876434,0.11665031313896179,0.09065423160791397,0.0878528580069542
138,1.900585025548935,0.11679719388484955,0.09057120978832245,0.08780757337808609
139,1.8994589373469353,0.11694768816232681,0.09048924595117569,0.08776187896728516
140,1.8983431085944176,0.11710188537836075,0.09040829539299011,0.08771582692861557
141,1.8972374573349953,0.11725977808237076,0.09032831341028214,0.08766945451498032
142,1.8961423262953758,0.11742133647203445,0.09024927765130997,0.08762282133102417
143,1.8950574845075607,0.1175864040851593,0.09017113596200943,0.08757597208023071
144,1.893982820212841,0.11775479465723038,0.09009382873773575,0.08752897381782532
145,1.8929186761379242,0.11792632937431335,0.09001735597848892,0.08748187869787216
146,1.8918650522828102,0.11810063570737839,0.08994165062904358,0.0874347910284996
147,1.8908217549324036,0.11827751994132996,0.08986667543649673,0.08738774806261063
148,1.889788880944252,0.11845655739307404,0.0897923931479454,0.0873408392071724
149,1.8887668028473854,0.11863745003938675,0.08971881121397018,0.08729412406682968
150,1.8877551406621933,0.11881989240646362,0.08964584767818451,0.08724767714738846
151,1.886754110455513,0.11900350451469421,0.08957350254058838,0.0872015580534935
152,1.8857635781168938,0.11918792873620987,0.08950172364711761,0.08715584129095078
153,1.8847838044166565,0.11937282979488373,0.08943053334951401,0.08711056411266327
154,1.88381427526474,0.11955791711807251,0.08935985714197159,0.08706577867269516
155,1.8828556537628174,0.11974288523197174,0.08928971737623215,0.08702155947685242
156,1.8819075003266335,0.11992744356393814,0.0892200917005539,0.08697791397571564
157,1.8809700831770897,0.12011133879423141,0.08915097266435623,0.0869349017739296
158,1.880043052136898,0.12029436975717545,0.08908233791589737,0.08689253032207489
159,1.8791265487670898,0.12047630548477173,0.0890142023563385,0.08685082197189331
160,1.8782208636403084,0.12065698951482773,0.08894656598567963,0.08680982142686844
161,1.8773254081606865,0.1208362802863121,0.08887939155101776,0.08676952123641968
162,1.8764406144618988,0.12101408839225769,0.08881273865699768,0.08672991394996643
163,1.8755662888288498,0.12119029462337494,0.0887465700507164,0.08669102936983109
164,1.87470243871212,0.12136483192443848,0.08868090063333511,0.08665286004543304
165,1.8738488107919693,0.12153767049312592,0.08861574530601501,0.08661536872386932
166,1.8730057552456856,0.12170886248350143,0.0885511189699173,0.08657857030630112
167,1.8721730783581734,0.12187836319208145,0.08848702162504196,0.08654244989156723
168,1.8713507503271103,0.12204621732234955,0.0884234756231308,0.08650697767734528
169,1.8705385848879814,0.12221246212720871,0.08836047351360321,0.08647213876247406
170,1.8697367906570435,0.12237715721130371,0.08829804509878159,0.08643791824579239
171,1.8689451068639755,0.12254033982753754,0.08823619782924652,0.08640427887439728
172,1.8681636303663254,0.12270210683345795,0.08817493915557861,0.08637121319770813
173,1.8673924282193184,0.12286252528429031,0.08811429142951965,0.08633869886398315
174,1.8666312396526337,0.12302170693874359,0.08805426210165024,0.08630669116973877
175,1.8658802956342697,0.12317965924739838,0.08799487352371216,0.08627519011497498
176,1.8651392757892609,0.12333650887012482,0.08793611079454422,0.08624416589736938
177,1.8644081726670265,0.12349232286214828,0.08787798881530762,0.0862135961651802
178,1.8636870458722115,0.12364716082811356,0.08782054483890533,0.08618344366550446
179,1.8629757389426231,0.123801089823246,0.08776376396417618,0.08615370094776154
180,1.862274058163166,0.12395413964986801,0.08770762383937836,0.08612436801195145
181,1.8615824580192566,0.12410639226436615,0.08765220642089844,0.0860954001545906
182,1.8609004095196724,0.12425784021615982,0.08759745210409164,0.08606680482625961
183,1.8602280169725418,0.12440858781337738,0.08754339069128036,0.08603855222463608
184,1.859565258026123,0.12455853819847107,0.0874900221824646,0.0860106498003006
185,1.8589118346571922,0.12470776587724686,0.08743733167648315,0.08598307520151138
186,1.8582681193947792,0.12485627084970474,0.08738534152507782,0.08595584332942963
187,1.8576336354017258,0.12500402331352234,0.087334044277668,0.08592891693115234
188,1.8570085316896439,0.12515102326869965,0.0872834324836731,0.08590231835842133
189,1.856392577290535,0.1252971887588501,0.08723350614309311,0.08587603271007538
190,1.8557857871055603,0.1254425346851349,0.08718425780534744,0.0858500674366951
191,1.8551882207393646,0.12558704614639282,0.08713570237159729,0.08582441508769989
192,1.8545996397733688,0.12573063373565674,0.08708782494068146,0.08579907566308975
193,1.8540199995040894,0.12587325274944305,0.08704061061143875,0.08577406406402588
194,1.8534493148326874,0.126014843583107,0.08699408173561096,0.08574936538934708
195,1.8528874218463898,0.12615539133548737,0.08694819360971451,0.08572500944137573
196,1.8523341864347458,0.1262948364019394,0.08690296858549118,0.08570096641778946
197,1.8517896234989166,0.1264331191778183,0.08685839176177979,0.08567725867033005
198,1.8512537330389023,0.12657016515731812,0.08681446313858032,0.0856538936495781
199,1.8507262617349625,0.12670594453811646,0.0867711752653122,0.0856308564543724
200,1.8502073734998703,0.12684039771556854,0.08672851324081421,0.08560818433761597
201,1.849696546792984,0.12697352468967438,0.08668646216392517,0.08558584004640579
202,1.8491942882537842,0.1271052360534668,0.08664504438638687,0.08556386083364487
203,1.8486999869346619,0.1272355169057846,0.08660423010587692,0.0855422168970108
204,1.8482137769460678,0.1273643523454666,0.08656401187181473,0.08552093058824539
205,1.8477355986833572,0.12749168276786804,0.08652440458536148,0.08549998700618744
206,1.8472652584314346,0.12761753797531128,0.0864853709936142,0.08547940105199814
207,1.8468029350042343,0.12774187326431274,0.08644693344831467,0.08545917272567749
208,1.846348226070404,0.12786465883255005,0.0864090695977211,0.0854392871260643
209,1.845901295542717,0.1279859095811844,0.08637178689241409,0.08541975170373917
210,1.8454618752002716,0.12810565531253815,0.08633506298065186,0.08540055900812149
211,1.8450299203395844,0.12822385132312775,0.08629889041185379,0.08538171648979187
212,1.8446052223443985,0.12834051251411438,0.0862632766366005,0.08536319434642792
213,1.8441879153251648,0.12845569849014282,0.08622820675373077,0.08534501492977142
214,1.8437780439853668,0.12856937944889069,0.08619369566440582,0.08532717078924179
215,1.8433751314878464,0.12868160009384155,0.08615970611572266,0.08530964702367783
216,1.842979297041893,0.12879233062267303,0.08612624555826187,0.08529245108366013
217,1.8425902724266052,0.12890160083770752,0.08609331399202347,0.0852755531668663
218,1.8422080725431442,0.1290094256401062,0.08606089651584625,0.08525896817445755
219,1.8418327569961548,0.12911586463451385,0.08602900803089142,0.08524268120527267
220,1.8414640873670578,0.1292209029197693,0.08599761873483658,0.08522669970989227
221,1.8411021083593369,0.12932458519935608,0.08596674352884293,0.08521100878715515
222,1.8407463133335114,0.12942692637443542,0.08593635261058807,0.08519558608531952
223,1.840397223830223,0.12952792644500732,0.08590646088123322,0.08518046885728836
224,1.840054377913475,0.12962764501571655,0.08587706834077835,0.0851656049489975
225,1.8397177755832672,0.12972600758075714,0.08584815263748169,0.08515102416276932
226,1.8393871635198593,0.12982313334941864,0.08581970632076263,0.08513669669628143
227,1.8390627354383469,0.12991899251937866,0.08579173684120178,0.08512263745069504
228,1.8387441486120224,0.1300136148929596,0.08576423674821854,0.08510881662368774
229,1.8384315371513367,0.13010698556900024,0.0857371985912323,0.08509525656700134
230,1.8381245136260986,0.13019908964633942,0.08571061491966248,0.08508192747831345
231,1.8378232568502426,0.1302899569272995,0.08568448573350906,0.08506884425878525
232,1.8375276327133179,0.1303796023130417,0.08565878868103027,0.08505601435899734
233,1.837237387895584,0.1304679960012436,0.0856335386633873,0.08504340052604675
234,1.8369528502225876,0.1305551677942276,0.08560872822999954,0.08503104001283646
235,1.8366732895374298,0.1306411325931549,0.08558433502912521,0.08501888066530228
236,1.836399182677269,0.13072584569454193,0.0855603739619255,0.0850069597363472
237,1.8361301124095917,0.13080933690071106,0.08553683012723923,0.08499524742364883
238,1.8358658701181412,0.13089154660701752,0.08551368117332458,0.08498375117778778
239,1.8356069028377533,0.13097254931926727,0.08549094945192337,0.08497248589992523
240,1.8353529423475266,0.13105230033397675,0.08546862751245499,0.0849614366889
241,1.8351034820079803,0.13113081455230713,0.08544669300317764,0.08495057374238968
242,1.834858849644661,0.13120804727077484,0.08542514592409134,0.08493993431329727
243,1.83461894094944,0.13128404319286346,0.08540399372577667,0.08492949604988098
244,1.83438341319561,0.13135875761508942,0.08538320660591125,0.08491925895214081
245,1.8341525197029114,0.13143222033977509,0.08536280691623688,0.08490922302007675
246,1.8339259177446365,0.13150446116924286,0.08534276485443115,0.08489938080310822
247,1.833703652024269,0.13157537579536438,0.08532308787107468,0.0848897397518158
248,1.8334855139255524,0.1316450536251068,0.08530377596616745,0.0848802700638771
249,1.8332716822624207,0.13171344995498657,0.08528481423854828,0.08487100899219513
250,1.8330619037151337,0.13178060948848724,0.08526620268821716,0.08486192673444748
251,1.8328561335802078,0.13184648752212524,0.08524792641401291,0.08485303819179535
252,1.8326540887355804,0.13191109895706177,0.08522999286651611,0.08484430611133575
253,1.832455962896347,0.1319744884967804,0.08521238714456558,0.08483576029539108
254,1.8322617709636688,0.13203659653663635,0.08519511669874191,0.08482740074396133
255,1.8320708721876144,0.13209745287895203,0.08517814427614212,0.08481919765472412
256,1.8318838775157928,0.1321570724248886,0.08516151458024979,0.08481116592884064
257,1.8317003399133682,0.1322154551744461,0.08514519035816193,0.08480329811573029
258,1.831520363688469,0.1322726309299469,0.08512917906045914,0.08479559421539307
259,1.8313436806201935,0.1323285549879074,0.08511346578598022,0.08478804677724838
260,1.8311702907085419,0.1323833018541336,0.08509805053472519,0.08478064835071564
261,1.8310002088546753,0.1324368119239807,0.08508293330669403,0.08477340638637543
262,1.8308330476284027,0.1324891448020935,0.08506808429956436,0.08476630598306656
263,1.8306691646575928,0.1325402855873108,0.08505354076623917,0.08475934714078903
264,1.8305084854364395,0.13259023427963257,0.08503927290439606,0.08475255221128464
265,1.8303505331277847,0.13263903558254242,0.08502527326345444,0.0847458764910698
266,1.8301957249641418,0.13268665969371796,0.0850115567445755,0.08473934978246689
267,1.8300437927246094,0.13273313641548157,0.08499810844659805,0.08473295718431473
268,1.8298944681882858,0.13277849555015564,0.0849849060177803,0.08472669124603271
269,1.8297479897737503,0.1328226774930954,0.08497197180986404,0.08472055941820145
270,1.8296040892601013,0.1328657865524292,0.08495929092168808,0.08471453934907913
271,1.829462692141533,0.13290774822235107,0.08494684845209122,0.08470864593982697
272,1.8293240666389465,0.1329486072063446,0.08493465930223465,0.08470288664102554
273,1.8291877210140228,0.13298839330673218,0.08492270112037659,0.08469723165035248
274,1.8290539532899857,0.1330271065235138,0.08491098880767822,0.08469169586896896
275,1.8289225101470947,0.13306471705436707,0.08489950001239777,0.084686279296875
276,1.8287931978702545,0.13310125470161438,0.08488823473453522,0.0846809595823288
277,1.8286664932966232,0.13313674926757812,0.08487720787525177,0.08467576652765274
278,1.8285418152809143,0.13317114114761353,0.08486639708280563,0.08467067033052444
279,1.8284190595149994,0.13320454955101013,0.08485578000545502,0.08466567099094391
280,1.828298643231392,0.1332368701696396,0.0848453938961029,0.08466078341007233
281,1.828180193901062,0.13326817750930786,0.08483520150184631,0.0846560001373291
282,1.8280637711286545,0.13329845666885376,0.08482522517442703,0.08465130627155304
283,1.827949345111847,0.13332775235176086,0.08481544256210327,0.08464671671390533
284,1.8278367519378662,0.13335604965686798,0.08480586856603622,0.0846422016620636
285,1.8277261406183243,0.1333833485841751,0.0847964733839035,0.08463780581951141
286,1.8276172131299973,0.13340964913368225,0.0847872719168663,0.0846334844827652
287,1.8275100886821747,0.13343499600887299,0.08477824181318283,0.08462926745414734
288,1.827404648065567,0.13345934450626373,0.08476942032575607,0.08462511003017426
289,1.827300876379013,0.13348275423049927,0.08476074784994125,0.08462106436491013
290,1.827198788523674,0.13350524008274078,0.08475227653980255,0.08461707830429077
291,1.8270981758832932,0.1335267424583435,0.08474394679069519,0.08461319655179977
292,1.8269993960857391,0.1335473209619522,0.08473581820726395,0.08460938930511475
293,1.8269017487764359,0.1335669457912445,0.08472783118486404,0.08460564911365509
294,1.8268058001995087,0.13358566164970398,0.08472001552581787,0.0846019983291626
295,1.8267112225294113,0.1336035132408142,0.08471234887838364,0.08459842205047607
296,1.8266178965568542,0.1336204558610916,0.08470483869314194,0.08459490537643433
297,1.8265260756015778,0.13363651931285858,0.08469747751951218,0.08459147810935974
298,1.8264355510473251,0.1336517184972763,0.08469028770923615,0.08458809554576874
299,1.8263463228940964,0.1336660534143448,0.08468322455883026,0.0845848023891449
300,1.8262583315372467,0.13367953896522522,0.08467631042003632,0.08458156883716583
301,1.8261715024709702,0.1336921751499176,0.08466953039169312,0.08457840234041214
302,1.8260859698057175,0.13370394706726074,0.08466289937496185,0.08457530289888382
303,1.8260015547275543,0.13371489942073822,0.08465640246868134,0.08457226306200027
304,1.8259181380271912,0.13372506201267242,0.08465002477169037,0.0845692828297615
305,1.8258359730243683,0.13373439013957977,0.08464379608631134,0.08456636220216751
306,1.8257547318935394,0.13374292850494385,0.08463767915964127,0.08456350117921829
307,1.8256746679544449,0.13375070691108704,0.08463169634342194,0.08456069976091385
308,1.825595274567604,0.13375766575336456,0.08462582528591156,0.08455793559551239
309,1.825517162680626,0.1337638944387436,0.08462008088827133,0.0845552459359169
310,1.8254399001598358,0.13376933336257935,0.08461445569992065,0.08455260097980499
311,1.8253635317087173,0.1337740272283554,0.08460894227027893,0.08455000817775726
312,1.8252882957458496,0.13377799093723297,0.08460354804992676,0.0845474824309349
313,1.8252136260271072,0.13378125429153442,0.08459825068712234,0.08454498648643494
314,1.8251399844884872,0.133783757686615,0.08459307253360748,0.08454255014657974
315,1.8250668197870255,0.13378554582595825,0.08458798378705978,0.08454014360904694
316,1.8249948620796204,0.13378667831420898,0.08458301424980164,0.0845378041267395
317,1.8249235898256302,0.13378708064556122,0.08457814902067184,0.08453550189733505
318,1.8248530626296997,0.13378681242465973,0.08457338064908981,0.08453324437141418
319,1.824783131480217,0.13378587365150452,0.08456869423389435,0.0845310315489769
320,1.824714034795761,0.13378427922725677,0.08456411957740784,0.0845288559794426
321,1.824645608663559,0.1337820142507553,0.08455964177846909,0.08452671766281128
322,1.824577808380127,0.1337791085243225,0.0845552310347557,0.08452463895082474
323,1.824510633945465,0.13377556204795837,0.08455093204975128,0.08452257513999939
324,1.82444429397583,0.1337713599205017,0.08454672247171402,0.08452057093381882
325,1.824378341436386,0.13376657664775848,0.08454257994890213,0.08451859652996063
326,1.8243129700422287,0.1337611824274063,0.084538534283638,0.08451664447784424
327,1.8242482542991638,0.1337551772594452,0.08453456312417984,0.08451474457979202
328,1.8241842836141586,0.13374857604503632,0.08453068882226944,0.08451288193464279
329,1.8241205513477325,0.13374139368534088,0.08452688157558441,0.08451103419065475
330,1.824057400226593,0.13373367488384247,0.08452313393354416,0.0845092386007309
331,1.8239948004484177,0.13372531533241272,0.08451947569847107,0.08450747281312943
332,1.823932871222496,0.1337164342403412,0.08451590687036514,0.08450573682785034
333,1.8238714188337326,0.1337069869041443,0.08451239764690399,0.08450404554605484
334,1.82381010055542,0.1336970031261444,0.08450895547866821,0.08450235426425934
335,1.823749616742134,0.13368651270866394,0.084505595266819,0.08450071513652802
336,1.823689416050911,0.1336754858493805,0.08450228720903397,0.08449910581111908
337,1.82362961769104,0.13366389274597168,0.0844990536570549,0.08449751883745193
338,1.8235704600811005,0.13365182280540466,0.0844958946108818,0.08449596911668777
339,1.8235113322734833,0.13363926112651825,0.08449278026819229,0.08449442684650421
340,1.8234529942274094,0.13362622261047363,0.08448974043130875,0.08449293673038483
341,1.8233947455883026,0.13361267745494843,0.08448675274848938,0.08449145406484604
342,1.8233370631933212,0.13359865546226501,0.08448383212089539,0.08449000865221024
343,1.8232796639204025,0.1335841715335846,0.08448096364736557,0.08448858559131622
344,1.8232225626707077,0.13356924057006836,0.08447815477848053,0.0844871774315834
345,1.8231659829616547,0.1335538625717163,0.08447541296482086,0.08448579907417297
346,1.8231094628572464,0.13353802263736725,0.08447270840406418,0.08448443561792374
347,1.8230536431074142,0.13352176547050476,0.08447007089853287,0.08448311686515808
348,1.8229978680610657,0.13350503146648407,0.08446747809648514,0.08448180556297302
349,1.8229425251483917,0.13348791003227234,0.08446493744850159,0.08448052406311035
350,1.822887435555458,0.13347037136554718,0.08446244895458221,0.08447925746440887
351,1.82283253967762,0.1334524303674698,0.08446000516414642,0.08447800576686859
352,1.82277812063694,0.13343407213687897,0.08445762097835541,0.0844767838716507
353,1.8227237313985825,0.13341529667377472,0.08445527404546738,0.0844755694270134
354,1.8226698189973831,0.133396178483963,0.08445296436548233,0.08447439968585968
355,1.8226161897182465,0.13337667286396027,0.08445071429014206,0.08447323739528656
356,1.822562649846077,0.13335680961608887,0.08444850146770477,0.08447208255529404
357,1.8225094079971313,0.13333657383918762,0.08444632589817047,0.0844709575176239
358,1.8224566280841827,0.13331598043441772,0.08444421738386154,0.08446984738111496
359,1.8224037885665894,0.13329502940177917,0.0844421237707138,0.08446875214576721
360,1.8223512172698975,0.13327375054359436,0.08444006741046906,0.08446767926216125
361,1.8222989737987518,0.1332521289587021,0.08443806320428848,0.08446662127971649
362,1.8222470879554749,0.13323019444942474,0.08443610370159149,0.08446558564901352
363,1.8221951127052307,0.13320794701576233,0.08443417400121689,0.08446454256772995
364,1.8221433758735657,0.13318534195423126,0.08443227410316467,0.08446352928876877
365,1.8220920115709305,0.13316243886947632,0.08443041890859604,0.08446253836154938
366,1.8220408111810684,0.1331392526626587,0.08442860096693039,0.08446155488491058
367,1.8219898492097855,0.13311578333377838,0.08442681282758713,0.08446059376001358
368,1.8219389617443085,0.1330920159816742,0.08442504703998566,0.08445964753627777
369,1.8218884468078613,0.13306795060634613,0.08442334085702896,0.08445870876312256
370,1.8218378573656082,0.1330435872077942,0.08442164957523346,0.08445777744054794
371,1.8217875510454178,0.13301898539066315,0.08441998809576035,0.08445686846971512
372,1.8217374682426453,0.13299408555030823,0.08441836386919022,0.08445597440004349
373,1.821687564253807,0.13296891748905182,0.08441676199436188,0.08445510268211365
374,1.8216376155614853,0.13294348120689392,0.08441519737243652,0.08445421606302261
375,1.8215880990028381,0.13291780650615692,0.08441366255283356,0.08445336669683456
376,1.8215387612581253,0.13289186358451843,0.08441216498613358,0.08445252478122711
377,1.8214892148971558,0.13286571204662323,0.0844106674194336,0.08445168286561966
378,1.8214400261640549,0.13283932209014893,0.0844092071056366,0.084450863301754
379,1.8213911354541779,0.1328127086162567,0.08440778404474258,0.08445005863904953
380,1.8213422298431396,0.1327858567237854,0.08440639078617096,0.08444924652576447
381,1.821293517947197,0.1327587515115738,0.08440501242876053,0.08444846421480179
382,1.821244940161705,0.13273148238658905,0.08440365642309189,0.08444768935441971
383,1.8211964964866638,0.1327039748430252,0.08440233021974564,0.08444692194461823
384,1.8211482167243958,0.13267625868320465,0.08440102636814117,0.08444616943597794
385,1.82109996676445,0.13264834880828857,0.0843997448682785,0.08444541692733765
386,1.8210519701242447,0.13262024521827698,0.08439848572015762,0.08444468677043915
387,1.8210040032863617,0.13259194791316986,0.08439724892377853,0.08444395661354065
388,1.8209561556577682,0.13256347179412842,0.08439603447914124,0.08444323390722275
389,1.8209085017442703,0.13253481686115265,0.08439483493566513,0.08444253355264664
390,1.820861116051674,0.13250598311424255,0.08439368009567261,0.08444183319807053
391,1.8208135515451431,0.13247697055339813,0.08439251780509949,0.08444114029407501
392,1.8207663297653198,0.13244777917861938,0.08439138531684875,0.08444046974182129
393,1.8207190334796906,0.1324184387922287,0.08439026772975922,0.08443979173898697
394,1.8206720501184464,0.13238896429538727,0.08438917249441147,0.08443913608789444
395,1.8206250965595245,0.13235929608345032,0.08438810706138611,0.08443847298622131
396,1.8205781280994415,0.13232946395874023,0.08438704162836075,0.08443782478570938
397,1.8205313235521317,0.1322994977235794,0.08438599854707718,0.08443718403577805
398,1.820484697818756,0.13226941227912903,0.0843849778175354,0.08443655073642731
399,1.8204383105039597,0.1322391927242279,0.08438397943973541,0.08443593233823776
400,1.820391982793808,0.13220880925655365,0.08438299596309662,0.08443532139062881
401,1.8203454315662384,0.13217827677726746,0.08438201248645782,0.08443470299243927
402,1.820299357175827,0.1321476250886917,0.08438105881214142,0.08443411439657211
403,1.8202532231807709,0.13211683928966522,0.0843801200389862,0.08443351835012436
404,1.820207193493843,0.13208593428134918,0.08437919616699219,0.0844329297542572
405,1.8201611936092377,0.1320549100637436,0.08437827974557877,0.08443234860897064
406,1.8201154619455338,0.13202378153800964,0.08437738567590714,0.08443178236484528
407,1.8200698494911194,0.13199254870414734,0.0843765065073967,0.0844312235713005
408,1.8200241178274155,0.13196119666099548,0.08437563478946686,0.08443065732717514
409,1.81997849047184,0.13192979991436005,0.08437477052211761,0.08443009853363037
410,1.8199329227209091,0.13189823925495148,0.08437392115592957,0.0844295471906662
411,1.8198877722024918,0.13186657428741455,0.0843731090426445,0.08442901074886322
412,1.8198424577713013,0.13183481991291046,0.08437228202819824,0.08442848175764084
413,1.8197972923517227,0.1318029910326004,0.08437148481607437,0.08442794531583786
414,1.8197522014379501,0.13177108764648438,0.0843706876039505,0.08442742377519608
415,1.819707304239273,0.13173907995224,0.08436992019414902,0.08442690223455429
416,1.8196623027324677,0.13170696794986725,0.08436914533376694,0.0844263881444931
417,1.8196175545454025,0.13167481124401093,0.08436839282512665,0.08442588150501251
418,1.819572776556015,0.13164255023002625,0.08436764776706696,0.08442537486553192
419,1.819528192281723,0.1316101849079132,0.08436691015958786,0.08442489057779312
420,1.8194835782051086,0.13157778978347778,0.08436618000268936,0.08442439883947372
421,1.8194391876459122,0.1315453201532364,0.08436547219753265,0.08442391455173492
422,1.819394811987877,0.13151279091835022,0.08436477184295654,0.08442343026399612
423,1.8193504959344864,0.1314801722764969,0.08436407148838043,0.08442296087741852
424,1.8193061798810959,0.13144747912883759,0.08436338603496552,0.08442248404026031
425,1.819262146949768,0.1314147710800171,0.0843627080321312,0.0844220295548439
426,1.819218099117279,0.13138197362422943,0.08436205238103867,0.0844215601682663
427,1.819174125790596,0.1313491016626358,0.08436139672994614,0.08442110568284988
428,1.8191302120685577,0.13131621479988098,0.0843607485294342,0.08442065119743347
429,1.8190863132476807,0.13128326833248138,0.08436010032892227,0.08442020416259766
430,1.8190426975488663,0.13125023245811462,0.08435948193073273,0.08441976457834244
431,1.8189989924430847,0.13121718168258667,0.08435885608196259,0.08441932499408722
432,1.8189553916454315,0.13118408620357513,0.08435823768377304,0.0844188928604126
433,1.8189118802547455,0.13115093111991882,0.08435763418674469,0.08441846072673798
434,1.8188684284687042,0.13111776113510132,0.08435703814029694,0.08441802859306335
435,1.8188250660896301,0.13108453154563904,0.08435644954442978,0.08441760390996933
436,1.8187819123268127,0.13105128705501556,0.08435586839914322,0.0844171941280365
437,1.8187386244535446,0.13101798295974731,0.08435529470443726,0.08441676944494247
438,1.81869538128376,0.13098464906215668,0.08435472100973129,0.08441635221242905
439,1.8186524212360382,0.13095130026340485,0.08435416221618652,0.08441594988107681
440,1.818609431385994,0.13091792166233063,0.08435361087322235,0.08441554009914398
441,1.8185665756464005,0.13088452816009521,0.08435305953025818,0.08441514521837234
442,1.8185236603021622,0.13085107505321503,0.084352508187294,0.08441475033760071
443,1.8184809684753418,0.13081762194633484,0.08435197919607162,0.08441435545682907
444,1.818438321352005,0.13078413903713226,0.08435145765542984,0.08441396057605743
445,1.8183956295251846,0.1307506114244461,0.08435092866420746,0.0844135731458664
446,1.8183531165122986,0.13071703910827637,0.08435041457414627,0.08441319316625595
447,1.8183106929063797,0.13068348169326782,0.08434990793466568,0.08441281318664551
448,1.8182683140039444,0.1306498944759369,0.08434939384460449,0.08441244810819626
449,1.818225845694542,0.13061629235744476,0.0843488946557045,0.08441206067800522
450,1.8181837350130081,0.13058267533779144,0.0843484103679657,0.08441169559955597
451,1.8181415051221848,0.1305490881204605,0.0843479186296463,0.08441132307052612
452,1.8180993497371674,0.1305154263973236,0.0843474343419075,0.08441095799207687
453,1.818057358264923,0.1304817795753479,0.0843469575047493,0.08441060036420822
454,1.8180153667926788,0.1304481327533722,0.0843464806675911,0.08441024273633957
455,1.8179734945297241,0.1304144561290741,0.08434601873159409,0.08440988510847092
456,1.8179315626621246,0.1303807944059372,0.08434554934501648,0.08440952748060226
457,1.8178898394107819,0.1303471177816391,0.08434509485960007,0.08440917730331421
458,1.8178480863571167,0.13031341135501862,0.08434463292360306,0.08440883457660675
459,1.8178065121173859,0.13027973473072052,0.08434419333934784,0.0844084843993187
460,1.8177648782730103,0.13024607300758362,0.08434373885393143,0.08440814167261124
461,1.8177234381437302,0.13021238148212433,0.0843433067202568,0.08440779894590378
462,1.8176820129156113,0.13017870485782623,0.08434286713600159,0.08440746366977692
463,1.8176405876874924,0.13014502823352814,0.08434242755174637,0.08440712839365005
464,1.8175992220640182,0.13011133670806885,0.08434199541807175,0.0844067931175232
465,1.8175580650568008,0.13007763028144836,0.08434157818555832,0.08440646529197693
466,1.8175169378519058,0.13004395365715027,0.0843411535024643,0.08440614491701126
467,1.8174757361412048,0.13001027703285217,0.08434074372053146,0.0844058021903038
468,1.817434847354889,0.12997661530971527,0.08434033393859863,0.08440548926591873
469,1.8173936754465103,0.12994296848773956,0.08433990925550461,0.08440516144037247
470,1.8173527717590332,0.12990929186344147,0.08433950692415237,0.0844048410654068
471,1.8173119574785233,0.12987563014030457,0.08433910459280014,0.08440452814102173
472,1.817271202802658,0.12984195351600647,0.0843387022614479,0.08440422266721725
473,1.8172304779291153,0.12980830669403076,0.08433830738067627,0.08440390974283218
474,1.8171897530555725,0.12977465987205505,0.08433791249990463,0.08440359681844711
475,1.817149132490158,0.12974104285240173,0.08433752506971359,0.08440328389406204
476,1.8171085566282272,0.12970739603042603,0.08433713763952255,0.08440297842025757
477,1.8170680105686188,0.1296737790107727,0.08433675020933151,0.0844026729464531
478,1.8170277923345566,0.12964019179344177,0.08433638513088226,0.08440237492322922
479,1.8169874250888824,0.12960660457611084,0.08433599770069122,0.08440208435058594
480,1.8169470578432083,0.1295730173587799,0.08433563262224197,0.08440177142620087
481,1.8169068098068237,0.12953947484493256,0.08433526009321213,0.08440147340297699
482,1.8168667256832123,0.1295059472322464,0.08433489501476288,0.08440118283033371
483,1.8168265372514725,0.12947238981723785,0.08433452248573303,0.08440089225769043
484,1.816786378622055,0.1294388622045517,0.08433415740728378,0.08440059423446655
485,1.816746398806572,0.12940536439418793,0.08433379977941513,0.08440030366182327
486,1.8167065531015396,0.12937185168266296,0.08433344215154648,0.08440002799034119
487,1.816666841506958,0.12933839857578278,0.08433309942483902,0.0843997448682785
488,1.8166269659996033,0.1293049305677414,0.08433274179697037,0.08439946174621582
489,1.816587045788765,0.1292714923620224,0.08433238416910172,0.08439917117357254
490,1.8165473639965057,0.1292380690574646,0.08433204144239426,0.08439888805150986
491,1.8165076225996017,0.129204660654068,0.0843316912651062,0.08439860492944717
492,1.8164680898189545,0.12917131185531616,0.08433134853839874,0.08439832925796509
493,1.8164285123348236,0.12913791835308075,0.08433100581169128,0.084398053586483
494,1.8163891285657883,0.12910456955432892,0.08433067798614502,0.08439777791500092
495,1.816349744796753,0.1290712207555771,0.08433033525943756,0.08439751714468002
496,1.8163103312253952,0.12903791666030884,0.0843299925327301,0.08439724892377853
497,1.8162710815668106,0.12900462746620178,0.08432967215776443,0.08439697325229645
498,1.8162317872047424,0.12897136807441711,0.08432933688163757,0.08439670503139496
499,1.8161925077438354,0.12893812358379364,0.08432900160551071,0.08439643681049347
500,1.8161533921957016,0.12890489399433136,0.08432868123054504,0.08439616858959198
501,1.8161143213510513,0.12887170910835266,0.08432835340499878,0.08439590781927109
502,1.8160752952098846,0.12883849442005157,0.08432803303003311,0.0843956470489502
503,1.816036343574524,0.12880535423755646,0.08432771265506744,0.0843953862786293
504,1.815997377038002,0.12877219915390015,0.08432739228010178,0.08439512550830841
505,1.8159585297107697,0.12873908877372742,0.0843270793557167,0.08439486473798752
506,1.8159196972846985,0.12870599329471588,0.08432676643133163,0.08439460396766663
507,1.8158809393644333,0.12867289781570435,0.08432645350694656,0.08439435064792633
508,1.8158422112464905,0.1286398321390152,0.08432614058256149,0.08439409732818604
509,1.8158035725355148,0.12860678136348724,0.08432582765817642,0.08439385145902634
510,1.8157650232315063,0.12857374548912048,0.08432552218437195,0.08439360558986664
511,1.8157262802124023,0.1285407394170761,0.08432521671056747,0.08439333736896515
512,1.8156879395246506,0.12850776314735413,0.084324911236763,0.08439310640096664
513,1.815649375319481,0.12847478687763214,0.08432459831237793,0.08439286053180695
514,1.8156109303236008,0.12844185531139374,0.08432430028915405,0.08439260721206665
515,1.8155725747346878,0.12840893864631653,0.08432400226593018,0.08439236134290695
516,1.815534457564354,0.1283760368824005,0.0843237042427063,0.08439213782548904
517,1.8154959976673126,0.12834316492080688,0.08432339876890182,0.08439188450574875
518,1.8154578059911728,0.12831033766269684,0.08432310819625854,0.08439163863658905
519,1.8154197037220001,0.12827752530574799,0.08432281762361526,0.08439140021800995
520,1.8153816163539886,0.12824472784996033,0.08432252705097198,0.08439116179943085
521,1.8153435736894608,0.12821197509765625,0.08432222902774811,0.08439093083143234
522,1.8153055608272552,0.12817925214767456,0.08432194590568542,0.08439068496227264
523,1.8152675032615662,0.1281464844942093,0.08432165533304214,0.08439044654369354
524,1.8152297586202621,0.12811380624771118,0.08432137221097946,0.08439022302627563
525,1.8151917904615402,0.12808112800121307,0.08432108908891678,0.08438997715711594
526,1.8151539117097855,0.12804846465587616,0.0843207910656929,0.08438975363969803
527,1.8151161223649979,0.12801581621170044,0.08432051539421082,0.08438951522111893
528,1.8150784373283386,0.1279831975698471,0.08432023972272873,0.08438928425312042
529,1.8150407075881958,0.12795060873031616,0.08431995660066605,0.08438905328512192
530,1.8150030821561813,0.1279180496931076,0.08431967347860336,0.08438882976770401
531,1.8149656057357788,0.12788549065589905,0.08431939780712128,0.0843886137008667
532,1.8149279952049255,0.12785294651985168,0.08431912213563919,0.0843883827328682
533,1.8148905038833618,0.1278204470872879,0.0843188464641571,0.08438815921545029
534,1.8148531019687653,0.12778796255588531,0.08431857079267502,0.08438794314861298
535,1.814815565943718,0.12775549292564392,0.08431828767061234,0.08438771963119507
536,1.8147782385349274,0.1277230829000473,0.08431802690029144,0.08438748866319656
537,1.8147408366203308,0.12769067287445068,0.08431775122880936,0.08438726514577866
538,1.8147035837173462,0.12765826284885406,0.08431747555732727,0.08438705652952194
539,1.814666360616684,0.12762588262557983,0.08431721478700638,0.08438683301210403
540,1.814629152417183,0.1275935173034668,0.08431694656610489,0.08438661694526672
541,1.8145918995141983,0.12756118178367615,0.0843166708946228,0.08438640087842941
542,1.814554899930954,0.12752887606620789,0.08431641757488251,0.0843861848115921
543,1.8145178407430649,0.12749658524990082,0.08431615680456161,0.08438596874475479
544,1.8144807815551758,0.12746429443359375,0.08431588858366013,0.08438576012849808
545,1.8144436925649643,0.12743204832077026,0.08431562036275864,0.08438554406166077
546,1.8144067525863647,0.12739980220794678,0.08431535959243774,0.08438533544540405
547,1.8143697679042816,0.12736758589744568,0.08431509882211685,0.08438511937856674
548,1.8143331110477448,0.12733539938926697,0.08431485295295715,0.08438491821289062
549,1.8142961710691452,0.12730322778224945,0.08431459218263626,0.08438470214605331
550,1.81425940990448,0.12727108597755432,0.08431433141231537,0.0843845009803772
551,1.8142226487398148,0.1272389441728592,0.08431407809257507,0.08438429236412048
552,1.8141857832670212,0.12720684707164764,0.08431380987167358,0.08438408374786377
553,1.8141492754220963,0.1271747350692749,0.08431356400251389,0.08438389003276825
554,1.8141125738620758,0.12714265286922455,0.08431331068277359,0.08438368141651154
555,1.8140757828950882,0.12711063027381897,0.0843130499124527,0.08438346534967422
556,1.8140393942594528,0.1270785629749298,0.084312804043293,0.0843832790851593
557,1.8140028268098831,0.12704654037952423,0.0843125507235527,0.08438307791948318
558,1.8139664381742477,0.12701454758644104,0.084312304854393,0.08438288420438766
559,1.8139298111200333,0.12698253989219666,0.0843120589852333,0.08438266813755035
560,1.8138934671878815,0.12695059180259705,0.08431180566549301,0.08438248187303543
561,1.8138570189476013,0.12691861391067505,0.08431155234575272,0.08438228815793991
562,1.81382055580616,0.12688669562339783,0.08431130647659302,0.0843820795416832
563,1.8137844651937485,0.1268547773361206,0.08431107550859451,0.08438189327716827
564,1.8137480318546295,0.12682288885116577,0.08431082218885422,0.08438169211149216
565,1.8137116134166718,0.12679101526737213,0.08431056886911392,0.08438149094581604
566,1.8136754781007767,0.1267591267824173,0.08431033045053482,0.08438130468130112
567,1.8136394172906876,0.12672731280326843,0.08431009948253632,0.0843811109662056
568,1.8136031180620193,0.12669548392295837,0.08430985361337662,0.08438090980052948
569,1.813567116856575,0.12666365504264832,0.08430961519479752,0.08438073098659515
570,1.8135308623313904,0.12663187086582184,0.08430936932563782,0.08438052982091904
571,1.8134949058294296,0.12660008668899536,0.08430913835763931,0.08438034355640411
572,1.8134589046239853,0.12656833231449127,0.08430889993906021,0.08438015729188919
573,1.8134228140115738,0.126536563038826,0.08430866152048111,0.08437996357679367
574,1.8133868128061295,0.1265048086643219,0.08430842310190201,0.08437977731227875
575,1.813350960612297,0.1264730542898178,0.0843081921339035,0.08437959849834442
576,1.8133151531219482,0.1264413446187973,0.0843079686164856,0.0843794122338295
577,1.8132791370153427,0.126409649848938,0.0843077227473259,0.08437922596931458
578,1.8132434040307999,0.12637794017791748,0.08430749177932739,0.08437905460596085
579,1.8132075369358063,0.12634624540805817,0.08430726826190948,0.08437886089086533
580,1.8131717592477798,0.12631456553936005,0.08430702984333038,0.0843786895275116
581,1.8131358474493027,0.12628290057182312,0.08430679887533188,0.08437849581241608
582,1.8131001889705658,0.12625126540660858,0.08430656790733337,0.08437832444906235
583,1.8130644410848618,0.12621961534023285,0.08430633693933487,0.08437814563512802
584,1.8130287379026413,0.1261880099773407,0.08430610597133636,0.0843779668211937
585,1.812993198633194,0.12615641951560974,0.08430588245391846,0.08437779545783997
586,1.8129574209451675,0.1261248141527176,0.08430565148591995,0.08437760919332504
587,1.812921792268753,0.12609320878982544,0.08430542796850204,0.08437743037939072
588,1.8128863424062729,0.12606163322925568,0.08430520445108414,0.08437726646661758
589,1.812850758433342,0.1260300725698471,0.08430498838424683,0.08437708020210266
590,1.8128153532743454,0.12599854171276093,0.08430476486682892,0.08437691628932953
591,1.8127796202898026,0.12596698105335236,0.08430453389883041,0.0843767300248146
592,1.8127442300319672,0.12593546509742737,0.0843043103814125,0.08437656611204147
593,1.8127087503671646,0.1259039342403412,0.0843040943145752,0.08437638729810715
594,1.812673419713974,0.125872403383255,0.08430387079715729,0.08437623083591461
595,1.8126378804445267,0.12584088742733002,0.08430364727973938,0.08437605202198029
596,1.8126026093959808,0.12580934166908264,0.08430343866348267,0.08437588810920715
597,1.8125671446323395,0.12577782571315765,0.08430320769548416,0.08437572419643402
598,1.8125318437814713,0.12574632465839386,0.08430299162864685,0.08437556028366089
599,1.8124964982271194,0.12571485340595245,0.08430278301239014,0.08437538146972656
600,1.8124611526727676,0.12568338215351105,0.08430256694555283,0.08437521010637283
601,1.8124258816242218,0.12565191090106964,0.08430235087871552,0.0843750461935997
602,1.8123906254768372,0.12562045454978943,0.08430212736129761,0.08437488973140717
603,1.8123553842306137,0.1255890130996704,0.0843019112944603,0.08437472581863403
604,1.812320053577423,0.1255575567483902,0.08430170267820358,0.08437454700469971
605,1.8122850805521011,0.1255260854959488,0.08430150151252747,0.08437439799308777
606,1.8122496753931046,0.12549462914466858,0.08430127054452896,0.08437423408031464
607,1.8122145980596542,0.12546320259571075,0.08430106937885284,0.0843740701675415
608,1.8121794313192368,0.12543176114559174,0.08430086076259613,0.08437390625476837
609,1.81214439868927,0.12540030479431152,0.08430065214633942,0.08437375724315643
610,1.8121091425418854,0.1253688484430313,0.0843004360795021,0.0843735933303833
611,1.8120741546154022,0.12533743679523468,0.08430022746324539,0.08437344431877136
612,1.8120390474796295,0.12530598044395447,0.08430002629756927,0.08437328040599823
613,1.8120039850473404,0.12527456879615784,0.08429981023073196,0.08437313139438629
614,1.811968818306923,0.12524312734603882,0.08429960161447525,0.08437296748161316
615,1.8119337260723114,0.1252116858959198,0.08429939299821854,0.08437281101942062
616,1.8118988126516342,0.12518027424812317,0.08429919183254242,0.08437266200780869
617,1.8118638694286346,0.12514883279800415,0.0842989906668663,0.08437251299619675
618,1.8118287920951843,0.12511740624904633,0.08429878205060959,0.08437235653400421
619,1.81179378926754,0.1250859797000885,0.08429857343435287,0.08437220752239227
620,1.8117589503526688,0.12505456805229187,0.08429837971925735,0.08437205851078033
621,1.8117239326238632,0.12502312660217285,0.08429817855358124,0.0843719020485878
622,1.8116889372467995,0.12499170750379562,0.08429796993732452,0.08437175303697586
623,1.811654083430767,0.1249602809548378,0.084297776222229,0.08437160402536392
624,1.8116192370653152,0.12492886185646057,0.08429757505655289,0.08437146246433258
625,1.8115841522812843,0.12489742785692215,0.08429736644029617,0.08437130600214005
626,1.811549425125122,0.12486597895622253,0.08429718017578125,0.0843711644411087
627,1.8115144968032837,0.12483455240726471,0.08429697155952454,0.08437102288007736
628,1.8114795610308647,0.12480311840772629,0.08429677784442902,0.08437086641788483
629,1.811444766819477,0.12477167695760727,0.0842965841293335,0.08437072485685349
630,1.8114097565412521,0.12474024295806885,0.08429637551307678,0.08437057584524155
631,1.8113750144839287,0.12470877915620804,0.08429618179798126,0.0843704417347908
632,1.8113401904702187,0.12467730790376663,0.08429598808288574,0.08437030017375946
633,1.811305359005928,0.12464582920074463,0.08429579436779022,0.08437015861272812
634,1.8112705200910568,0.12461434304714203,0.0842956006526947,0.08437001705169678
635,1.8112356811761856,0.12458285689353943,0.08429539948701859,0.08436988294124603
636,1.8112008646130562,0.12455139309167862,0.08429521322250366,0.0843697339296341
637,1.8111660927534103,0.12451989948749542,0.08429501950740814,0.08436959981918335
638,1.811131328344345,0.12448841333389282,0.08429483324289322,0.08436945825815201
639,1.8110964894294739,0.12445692718029022,0.0842946320772171,0.08436932414770126
640,1.8110617399215698,0.12442538142204285,0.08429444581270218,0.08436919003725052
641,1.8110270202159882,0.12439386546611786,0.08429425954818726,0.08436905592679977
642,1.8109920620918274,0.12436233460903168,0.08429405838251114,0.08436891436576843
643,1.8109574690461159,0.1243307963013649,0.08429388701915741,0.08436878025531769
644,1.8109226301312447,0.12429923564195633,0.08429368585348129,0.08436865359544754
645,1.8108877167105675,0.12426767498254776,0.08429349213838577,0.0843685120344162
646,1.810853160917759,0.124236099421978,0.08429331332445145,0.08436839282512665
647,1.8108182176947594,0.12420450896024704,0.08429311960935593,0.0843682512640953
648,1.810783565044403,0.12417291104793549,0.0842929482460022,0.08436811715364456
649,1.8107488304376602,0.12414130568504333,0.08429275453090668,0.08436799794435501
650,1.8107138648629189,0.12410969287157059,0.08429256081581116,0.08436785638332367
651,1.8106792569160461,0.12407806515693665,0.08429238200187683,0.08436773717403412
652,1.8106444329023361,0.1240464448928833,0.08429219573736191,0.08436760306358337
653,1.8106097355484962,0.12401480227708817,0.08429201692342758,0.08436747640371323
654,1.8105749562382698,0.12398315221071243,0.08429183065891266,0.08436734974384308
655,1.8105402365326881,0.1239514872431755,0.08429165184497833,0.08436722308397293
656,1.810505487024784,0.12391979247331619,0.084291473031044,0.08436709642410278
657,1.8104706406593323,0.12388807535171509,0.08429127931594849,0.08436697721481323
658,1.810435950756073,0.12385636568069458,0.08429110795259476,0.08436685055494308
659,1.8104011863470078,0.12382465600967407,0.08429092913866043,0.08436672389507294
660,1.8103662878274918,0.12379288673400879,0.08429074287414551,0.08436659723520279
661,1.8103316202759743,0.1237611249089241,0.08429056406021118,0.08436648547649384
662,1.8102968484163284,0.12372933328151703,0.08429039269685745,0.08436635881662369
663,1.8102621212601662,0.12369751185178757,0.08429022133350372,0.08436623960733414
664,1.810227245092392,0.1236656904220581,0.0842900350689888,0.08436612039804459
665,1.8101923391222954,0.12363383919000626,0.08428985625505447,0.08436599373817444
666,1.8101575151085854,0.123601995408535,0.08428967744112015,0.08436587452888489
667,1.8101229593157768,0.12357012182474136,0.08428951352834702,0.08436577022075653
668,1.8100879341363907,0.12353822588920593,0.0842893198132515,0.08436565101146698
669,1.810053251683712,0.12350630015134811,0.08428916335105896,0.08436553180217743
670,1.8100183382630348,0.1234743669629097,0.08428898453712463,0.08436541259288788
671,1.8099834695458412,0.1234424039721489,0.0842888206243515,0.08436528593301773
672,1.809948667883873,0.1234104335308075,0.08428863435983658,0.08436518907546997
673,1.8099138364195824,0.12337843328714371,0.08428846299648285,0.08436507731676102
674,1.8098788410425186,0.12334641814231873,0.08428828418254852,0.08436495810747147
675,1.8098441138863564,0.12331437319517136,0.08428812772035599,0.08436484634876251
676,1.8098090663552284,0.1232823058962822,0.08428794890642166,0.08436472713947296
677,1.8097741603851318,0.12325023114681244,0.08428777754306793,0.08436461538076401
678,1.8097392842173576,0.1232181116938591,0.0842876061797142,0.08436451107263565
679,1.8097042441368103,0.12318597733974457,0.08428742736577988,0.0843643993139267
680,1.8096694126725197,0.12315382808446884,0.08428726345300674,0.08436429500579834
681,1.809634543955326,0.12312164157629013,0.08428709954023361,0.08436419069766998
682,1.80959951877594,0.12308944761753082,0.08428692817687988,0.08436407893896103
683,1.809564657509327,0.12305719405412674,0.08428676426410675,0.08436398208141327
684,1.809529572725296,0.12302494049072266,0.08428659290075302,0.08436387032270432
685,1.8094946146011353,0.12299266457557678,0.08428642898797989,0.08436376601457596
686,1.8094597160816193,0.12296037375926971,0.08428627252578735,0.0843636617064476
687,1.8094244822859764,0.12292804569005966,0.08428609371185303,0.08436354994773865
688,1.8093895018100739,0.12289567291736603,0.08428593724966049,0.08436344563961029
689,1.8093544244766235,0.1228632777929306,0.08428576588630676,0.08436334878206253
690,1.8093193769454956,0.1228308379650116,0.08428560942411423,0.08436324447393417
691,1.8092842549085617,0.12279839813709259,0.0842854380607605,0.08436314761638641
692,1.8092491626739502,0.12276591360569,0.08428528159856796,0.08436304330825806
693,1.809214048087597,0.12273340672254562,0.08428511768579483,0.0843629464507103
694,1.8091789036989212,0.12270087003707886,0.0842849612236023,0.08436284214258194
695,1.8091435730457306,0.1226682960987091,0.08428478986024857,0.08436273783445358
696,1.8091084882616997,0.12263567000627518,0.08428463339805603,0.08436264842748642
697,1.8090732544660568,0.12260304391384125,0.0842844620347023,0.08436255902051926
698,1.8090381175279617,0.12257036566734314,0.08428432047367096,0.0843624547123909
699,1.8090027421712875,0.12253767251968384,0.08428414911031723,0.08436235785484314
700,1.8089675605297089,0.12250494956970215,0.0842839926481247,0.08436226844787598
701,1.8089321851730347,0.12247218191623688,0.08428383618593216,0.08436216413974762
702,1.8088967353105545,0.1224394142627716,0.08428366482257843,0.08436206728219986
703,1.8088615238666534,0.12240658700466156,0.08428351581096649,0.0843619778752327
704,1.8088261559605598,0.12237375229597092,0.08428335934877396,0.08436188101768494
705,1.8087907433509827,0.12234087288379669,0.08428320288658142,0.08436178416013718
706,1.8087554425001144,0.12230795621871948,0.08428305387496948,0.08436169475317001
707,1.8087200075387955,0.1222749799489975,0.08428288996219635,0.08436161279678345
708,1.8086844086647034,0.12224198877811432,0.08428273350000381,0.08436150848865509
709,1.8086489737033844,0.12220893800258636,0.08428257703781128,0.08436142653226852
710,1.808613583445549,0.12217585742473602,0.08428243547677994,0.08436133712530136
711,1.808577999472618,0.1221427321434021,0.0842822715640068,0.0843612551689148
712,1.8085422962903976,0.1221095621585846,0.08428211510181427,0.08436115831136703
713,1.8085067942738533,0.1220763698220253,0.08428196609020233,0.08436107635498047
714,1.8084711804986,0.12204314023256302,0.0842818096280098,0.0843609943985939
715,1.80843535810709,0.12200985103845596,0.08428165316581726,0.08436089754104614
716,1.808399736881256,0.12197653949260712,0.08428150415420532,0.08436081558465958
717,1.8083639964461327,0.12194318324327469,0.08428134769201279,0.08436073362827301
718,1.8083283826708794,0.12190980464220047,0.08428119868040085,0.08436065912246704
719,1.8082925602793694,0.12187636643648148,0.08428104966878891,0.08436056971549988
720,1.8082566857337952,0.1218428760766983,0.08428090065717697,0.08436048030853271
721,1.80822092294693,0.12180934846401215,0.08428074419498444,0.08436041325330734
722,1.8081850707530975,0.1217758059501648,0.0842805951833725,0.08436033129692078
723,1.8081491440534592,0.12174218893051147,0.08428044617176056,0.08436024934053421
724,1.8081132546067238,0.12170853465795517,0.08428030461072922,0.08436016738414764
725,1.8080771267414093,0.12167486548423767,0.08428014069795609,0.08436008542776108
726,1.8080413118004799,0.1216411367058754,0.08428000658750534,0.08436001092195511
727,1.808005303144455,0.12160736322402954,0.084279865026474,0.08435992896556854
728,1.807969182729721,0.1215735524892807,0.08427970856428146,0.08435985445976257
729,1.8079330176115036,0.12153969705104828,0.08427955955266953,0.08435977250337601
730,1.807896926999092,0.12150576710700989,0.08427941054105759,0.08435970544815063
731,1.8078607246279716,0.12147179991006851,0.08427926898002625,0.08435962349176407
732,1.8078245669603348,0.12143780291080475,0.0842791274189949,0.0843595489859581
733,1.8077882081270218,0.1214037537574768,0.08427897840738297,0.08435946702957153
734,1.8077520355582237,0.12136966735124588,0.08427883684635162,0.08435939997434616
735,1.807715579867363,0.12133552134037018,0.08427868783473969,0.0843593180179596
736,1.807679332792759,0.12130128592252731,0.08427854627370834,0.08435925841331482
737,1.8076429888606071,0.12126702815294266,0.0842784121632576,0.08435918390750885
738,1.807606391608715,0.12123274058103561,0.08427825570106506,0.08435910940170288
739,1.8075700178742409,0.1211983785033226,0.08427812159061432,0.08435904234647751
740,1.8075333759188652,0.12116397172212601,0.08427797257900238,0.08435896784067154
741,1.8074968233704567,0.12112950533628464,0.08427783101797104,0.08435890078544617
742,1.8074603080749512,0.12109500169754028,0.0842776894569397,0.08435884118080139
743,1.8074236288666725,0.12106048315763474,0.08427754789590836,0.08435876667499542
744,1.8073871359229088,0.12102585285902023,0.08427742123603821,0.08435870707035065
745,1.807350181043148,0.12099120765924454,0.08427726477384567,0.08435863256454468
746,1.8073134571313858,0.12095649540424347,0.08427713066339493,0.0843585655093193
747,1.8072765991091728,0.12092172354459763,0.08427698910236359,0.08435849845409393
748,1.8072397336363792,0.12088686972856522,0.08427684009075165,0.08435844630002975
749,1.807202860713005,0.12085200846195221,0.0842767059803009,0.08435837924480438
750,1.8071658313274384,0.12081706523895264,0.08427656441926956,0.08435831218957901
751,1.807128831744194,0.12078207731246948,0.08427643030881882,0.08435824513435364
752,1.8070918843150139,0.12074706703424454,0.08427628874778748,0.08435819298028946
753,1.8070549219846725,0.12071196734905243,0.08427616208791733,0.08435813337564468
754,1.8070175349712372,0.12067681550979614,0.08427600562572479,0.08435806632041931
755,1.8069804087281227,0.12064162641763687,0.08427587896585464,0.08435799926519394
756,1.806943193078041,0.12060634791851044,0.0842757448554039,0.08435793966054916
757,1.8069059252738953,0.12057101726531982,0.08427560329437256,0.08435788750648499
758,1.8068686574697495,0.12053561210632324,0.08427547663450241,0.08435782790184021
759,1.8068311288952827,0.12050016969442368,0.08427532762289047,0.08435776829719543
760,1.8067936673760414,0.12046464532613754,0.08427519351243973,0.08435770869255066
761,1.8067562282085419,0.12042906880378723,0.08427506685256958,0.08435764908790588
762,1.806718721985817,0.12039342522621155,0.08427492529153824,0.0843576043844223
763,1.806681178510189,0.12035774439573288,0.08427479863166809,0.08435754477977753
764,1.8066433742642403,0.12032195180654526,0.08427465707063675,0.08435748517513275
765,1.8066058456897736,0.12028613686561584,0.0842745378613472,0.08435743302106857
766,1.806567944586277,0.12025024741888046,0.08427438884973526,0.0843573808670044
767,1.8065301328897476,0.1202142983675003,0.08427426964044571,0.08435731381177902
768,1.8064924478530884,0.12017825245857239,0.08427414298057556,0.08435727655887604
769,1.8064543679356575,0.12014218419790268,0.08427400141954422,0.08435721695423126
770,1.806416593492031,0.1201060488820076,0.08427388221025467,0.08435717225074768
771,1.806378461420536,0.12006985396146774,0.08427374064922333,0.0843571200966835
772,1.8063403144478798,0.12003356963396072,0.08427360653877258,0.08435706794261932
773,1.8063021898269653,0.11999723315238953,0.08427347242832184,0.08435702323913574
774,1.8062640652060509,0.11996082216501236,0.08427334576845169,0.08435697853565216
775,1.806225724518299,0.11992434412240982,0.08427321910858154,0.08435691893100739
776,1.806187480688095,0.1198878139257431,0.0842730849981308,0.0843568816781044
777,1.8061491027474403,0.11985122412443161,0.08427296578884125,0.08435682207345963
778,1.8061105832457542,0.11981456726789474,0.0842728242278099,0.08435677736997604
779,1.8060720562934875,0.11977782845497131,0.08427269756793976,0.08435672521591187
780,1.8060336112976074,0.11974102258682251,0.08427257835865021,0.08435668051242828
781,1.8059949427843094,0.11970414221286774,0.08427243679761887,0.0843566432595253
782,1.8059563487768173,0.119667187333107,0.08427231758832932,0.08435659855604172
783,1.805917613208294,0.11963016539812088,0.08427218347787857,0.08435656130313873
784,1.8058788031339645,0.1195930689573288,0.08427206426858902,0.08435650914907455
785,1.805839940905571,0.11955592036247253,0.08427193015813828,0.08435647189617157
786,1.805800937116146,0.1195187047123909,0.08427180349826813,0.08435641974210739
787,1.8057619407773018,0.11948142200708389,0.08427167683839798,0.08435637503862381
788,1.8057229220867157,0.11944404244422913,0.08427155017852783,0.08435633778572083
789,1.805683895945549,0.11940658092498779,0.08427143096923828,0.08435630053281784
790,1.8056447505950928,0.11936907470226288,0.08427130430936813,0.08435626327991486
791,1.8056053519248962,0.1193314641714096,0.08427117019891739,0.08435621857643127
792,1.8055662587285042,0.11929378658533096,0.08427105844020844,0.08435618877410889
793,1.8055265322327614,0.11925599724054337,0.0842709168791771,0.08435613662004471
794,1.8054871410131454,0.11921817064285278,0.08427079021930695,0.08435610681772232
795,1.8054476007819176,0.11918026953935623,0.0842706710100174,0.08435606211423874
796,1.8054081350564957,0.11914229393005371,0.08427054435014725,0.08435603976249695
797,1.80536849796772,0.11910422146320343,0.0842704251408577,0.08435600250959396
798,1.8053285777568817,0.11906608939170837,0.08427029103040695,0.08435595780611038
799,1.805289015173912,0.11902786791324615,0.084270179271698,0.08435593545436859
800,1.805249162018299,0.11898957937955856,0.08427006006240845,0.0843558982014656
801,1.8052092045545578,0.11895118653774261,0.0842699334025383,0.08435586839914322
802,1.8051690384745598,0.11891273409128189,0.08426980674266815,0.08435582369565964
803,1.8051289469003677,0.1188742071390152,0.0842696875333786,0.08435578644275665
804,1.805088922381401,0.11883559823036194,0.08426957577466965,0.08435575664043427
805,1.805048607289791,0.1187969222664833,0.0842694491147995,0.08435571938753128
806,1.8050083294510841,0.11875813454389572,0.08426932245492935,0.08435569703578949
807,1.8049679324030876,0.11871930211782455,0.0842692106962204,0.08435565233230591
808,1.8049275279045105,0.11868038773536682,0.08426909148693085,0.08435562252998352
809,1.8048870787024498,0.11864135414361954,0.0842689648270607,0.08435560762882233
810,1.8048464432358742,0.11860228329896927,0.08426884561777115,0.08435557037591934
811,1.8048059344291687,0.11856311559677124,0.08426874130964279,0.08435554057359695
812,1.8047648891806602,0.11852385848760605,0.08426859974861145,0.08435550332069397
813,1.8047241419553757,0.11848452687263489,0.0842684879899025,0.08435547351837158
814,1.8046830669045448,0.11844509094953537,0.08426836133003235,0.0843554362654686
815,1.80464219301939,0.11840555816888809,0.0842682421207428,0.0843554213643074
816,1.804601103067398,0.11836595833301544,0.08426812291145325,0.08435539156198502
817,1.8045600652694702,0.11832626163959503,0.0842680037021637,0.08435537666082382
818,1.8045187965035439,0.11828648298978806,0.08426788449287415,0.08435534685850143
819,1.8044777512550354,0.11824662983417511,0.08426778018474579,0.08435533195734024
820,1.804436132311821,0.11820665001869202,0.08426764607429504,0.08435530215501785
821,1.8043947517871857,0.11816661059856415,0.0842675268650055,0.08435528725385666
822,1.8043531402945518,0.11812648922204971,0.08426740765571594,0.08435525745153427
823,1.804311640560627,0.11808625608682632,0.08426729589700699,0.08435524255037308
824,1.8042698726058006,0.11804597824811935,0.08426717668771744,0.08435521274805069
825,1.8042279928922653,0.11800558865070343,0.08426705747842789,0.0843551829457283
826,1.8041861057281494,0.11796511709690094,0.08426693826913834,0.08435516059398651
827,1.8041442707180977,0.11792454868555069,0.08426682651042938,0.08435514569282532
828,1.804102137684822,0.11788390576839447,0.08426670730113983,0.08435511589050293
829,1.8040600717067719,0.11784318089485168,0.08426659554243088,0.08435509353876114
830,1.8040178939700127,0.11780234426259995,0.08426646888256073,0.08435508608818054
831,1.8039756268262863,0.11776141822338104,0.08426636457443237,0.08435505628585815
832,1.8039333447813988,0.11772040277719498,0.08426625281572342,0.08435504138469696
833,1.8038908913731575,0.11767929047346115,0.08426613360643387,0.08435502648353577
834,1.8038484826683998,0.11763807386159897,0.08426602929830551,0.08435501158237457
835,1.803805686533451,0.11759676784276962,0.08426590263843536,0.08435498923063278
836,1.8037629574537277,0.11755537986755371,0.08426578342914581,0.08435497432947159
837,1.8037201389670372,0.11751390248537064,0.08426567167043686,0.0843549519777298
838,1.8036774098873138,0.11747229099273682,0.0842655673623085,0.0843549445271492
839,1.8036343306303024,0.11743062734603882,0.08426544815301895,0.08435492217540741
840,1.8035912811756134,0.11738884449005127,0.08426533639431,0.08435490727424622
841,1.8035480976104736,0.11734700202941895,0.08426521718502045,0.08435489237308502
842,1.8035047873854637,0.11730503290891647,0.08426510542631149,0.08435487002134323
843,1.8034615516662598,0.11726298928260803,0.08426500111818314,0.08435485512018204
844,1.8034181222319603,0.11722082644701004,0.08426488190889359,0.08435484766960144
845,1.8033746033906937,0.11717857420444489,0.08426477015018463,0.08435483276844025
846,1.8033310547471046,0.11713621765375137,0.08426466584205627,0.08435481786727905
847,1.8032871186733246,0.1170937716960907,0.08426453173160553,0.08435480296611786
848,1.8032434582710266,0.11705122888088226,0.08426442742347717,0.08435479551553726
849,1.8031996488571167,0.11700861155986786,0.08426431566476822,0.08435478806495667
850,1.803155593574047,0.1169658973813057,0.08426419645547867,0.08435477316379547
851,1.8031116276979446,0.11692304909229279,0.08426409214735031,0.08435476571321487
852,1.8030673637986183,0.11688012629747391,0.08426397293806076,0.08435475081205368
853,1.8030231297016144,0.11683708429336548,0.0842638611793518,0.08435474336147308
854,1.8029788210988045,0.11679396778345108,0.08426374942064285,0.08435473591089249
855,1.8029342591762543,0.11675074696540833,0.0842636302113533,0.08435472100973129
856,1.8028898239135742,0.11670742928981781,0.08426352590322495,0.0843547135591507
857,1.8028452172875404,0.11666401475667953,0.08426342159509659,0.0843546986579895
858,1.8028004094958305,0.11662047356367111,0.08426330238580704,0.0843546912074089
859,1.8027556017041206,0.11657685786485672,0.08426319062709808,0.08435468375682831
860,1.8027106672525406,0.11653311550617218,0.08426307886838913,0.08435467630624771
861,1.8026656955480576,0.11648926138877869,0.08426297456026077,0.08435466885566711
862,1.8026204854249954,0.11644531786441803,0.08426286280155182,0.08435465395450592
863,1.802575409412384,0.11640128493309021,0.08426275104284286,0.08435466140508652
864,1.8025299236178398,0.11635714024305344,0.08426263183355331,0.08435464650392532
865,1.8024845644831657,0.1163128986954689,0.08426252752542496,0.08435463905334473
866,1.802439160645008,0.11626853793859482,0.0842624232172966,0.08435463905334473
867,1.8023935183882713,0.11622408777475357,0.08426231145858765,0.08435463160276413
868,1.8023478463292122,0.11617953330278397,0.08426219969987869,0.08435463160276413
869,1.8023020774126053,0.1161348819732666,0.08426209539175034,0.08435462415218353
870,1.8022560626268387,0.11609013378620148,0.08426197618246078,0.08435461670160294
871,1.8022101446986198,0.1160452589392662,0.08426187187433243,0.08435461670160294
872,1.8021638989448547,0.11600027978420258,0.08426176011562347,0.08435460180044174
873,1.8021177873015404,0.11595521122217178,0.08426164835691452,0.08435460925102234
874,1.8020714074373245,0.11591002345085144,0.08426153659820557,0.08435460180044174
875,1.8020250871777534,0.11586474627256393,0.08426143229007721,0.08435460180044174
876,1.801978513598442,0.11581936478614807,0.08426132053136826,0.08435459434986115
877,1.8019319027662277,0.11577387154102325,0.0842612162232399,0.08435458689928055
878,1.801885187625885,0.11572827398777008,0.08426110446453094,0.08435458689928055
879,1.801838293671608,0.11568257212638855,0.0842609852552414,0.08435458689928055
880,1.8017914518713951,0.11563677340745926,0.08426088094711304,0.08435458689928055
881,1.801744319498539,0.11559083312749863,0.08426077663898468,0.08435457199811935
882,1.8016971871256828,0.11554481834173203,0.08426066488027573,0.08435457199811935
883,1.8016501069068909,0.11549870669841766,0.08426056057214737,0.08435457944869995
884,1.8016027361154556,0.11545245349407196,0.08426044881343842,0.08435457944869995
885,1.8015553057193756,0.11540614068508148,0.08426034450531006,0.08435457199811935
886,1.8015077412128448,0.11535969376564026,0.0842602327466011,0.08435457199811935
887,1.8014599978923798,0.11531314253807068,0.08426012098789215,0.08435456454753876
888,1.8014123067259789,0.11526649445295334,0.0842600092291832,0.08435457199811935
889,1.8013643994927406,0.11521970480680466,0.08425990492105484,0.08435456454753876
890,1.8013164699077606,0.11517281830310822,0.08425979316234589,0.08435457199811935
891,1.8012685030698776,0.11512582004070282,0.08425968885421753,0.08435457944869995
892,1.8012203723192215,0.11507873237133026,0.08425959199666977,0.08435457199811935
893,1.801171988248825,0.11503154039382935,0.08425947278738022,0.08435457199811935
894,1.8011236190795898,0.11498421430587769,0.08425936847925186,0.08435457199811935
895,1.8010751008987427,0.11493681371212006,0.08425925672054291,0.08435457199811935
896,1.8010266050696373,0.11488928645849228,0.08425915241241455,0.08435457944869995
897,1.8009777888655663,0.11484166234731674,0.0842590406537056,0.08435457199811935
898,1.8009291514754295,0.11479391902685165,0.08425894379615784,0.08435457944869995
899,1.8008801192045212,0.1147460788488388,0.08425882458686829,0.08435457944869995
900,1.8008310422301292,0.11469811946153641,0.08425872027873993,0.08435457199811935
901,1.8007818534970284,0.11465004831552505,0.08425860852003098,0.08435457199811935
902,1.8007325753569603,0.11460188776254654,0.08425849676132202,0.08435457199811935
903,1.80068339407444,0.11455360054969788,0.08425839245319366,0.08435458689928055
904,1.8006338700652122,0.11450519412755966,0.08425828814506531,0.08435457944869995
905,1.8005842417478561,0.11445668339729309,0.08425817638635635,0.08435457944869995
906,1.8005346581339836,0.11440806835889816,0.084258072078228,0.08435458689928055
907,1.8004848882555962,0.11435934156179428,0.08425796777009964,0.08435458689928055
908,1.8004349321126938,0.11431050300598145,0.08425784856081009,0.08435459434986115
909,1.8003850281238556,0.11426156759262085,0.08425775915384293,0.08435458689928055
910,1.8003350272774696,0.1142125353217125,0.08425764739513397,0.08435460180044174
911,1.800284594297409,0.1141633689403534,0.08425752818584442,0.08435459434986115
912,1.800234355032444,0.11411409825086594,0.08425742387771606,0.08435460180044174
913,1.8001838847994804,0.11406474560499191,0.08425731211900711,0.08435460180044174
914,1.800133429467678,0.11401525884866714,0.08425720781087875,0.08435460925102234
915,1.800082877278328,0.11396567523479462,0.084257110953331,0.08435460925102234
916,1.8000320494174957,0.11391596496105194,0.08425699174404144,0.08435461670160294
917,1.7999811470508575,0.1138661801815033,0.08425688743591309,0.08435460925102234
918,1.7999303489923477,0.1138162761926651,0.08425678312778473,0.08435462415218353
919,1.7998793423175812,0.11376623809337616,0.08425668627023697,0.08435462415218353
920,1.7998280599713326,0.11371614784002304,0.08425656706094742,0.08435462415218353
921,1.7997767105698586,0.11366591602563858,0.08425645530223846,0.08435462415218353
922,1.7997254133224487,0.11361558735370636,0.08425635099411011,0.08435463160276413
923,1.7996737733483315,0.11356513947248459,0.08425623923540115,0.08435462415218353
924,1.7996221259236336,0.11351460963487625,0.0842561349272728,0.08435461670160294
925,1.7995705753564835,0.11346395313739777,0.08425603061914444,0.08435463160276413
926,1.799518622457981,0.11341319233179092,0.08425591140985489,0.08435463160276413
927,1.7994667068123817,0.11336231976747513,0.08425581455230713,0.08435462415218353
928,1.799414686858654,0.11331134289503098,0.08425570279359818,0.08435463160276413
929,1.7993625402450562,0.11326023936271667,0.08425559848546982,0.08435463160276413
930,1.7993103042244911,0.11320904642343521,0.08425549417734146,0.08435463160276413
931,1.7992578819394112,0.1131577417254448,0.08425538241863251,0.08435463160276413
932,1.79920544475317,0.11310634762048721,0.08425527065992355,0.08435463905334473
933,1.7991529405117035,0.11305481195449829,0.0842551663517952,0.08435464650392532
934,1.7991001158952713,0.11300317943096161,0.08425504714250565,0.08435464650392532
935,1.7990473732352257,0.11295147985219955,0.08425494283437729,0.08435464650392532
936,1.7989945635199547,0.11289963871240616,0.08425484597682953,0.08435464650392532
937,1.7989415153861046,0.1128477081656456,0.08425472676753998,0.08435465395450592
938,1.7988882809877396,0.11279566586017609,0.08425461500883102,0.08435464650392532
939,1.7988350987434387,0.11274352669715881,0.08425451070070267,0.08435464650392532
940,1.7987817376852036,0.11269128322601318,0.08425439894199371,0.08435464650392532
941,1.7987283542752266,0.1126389428973198,0.08425429463386536,0.08435464650392532
942,1.798674799501896,0.11258650571107864,0.0842541828751564,0.08435464650392532
943,1.7986212149262428,0.11253396421670914,0.08425408601760864,0.08435463905334473
944,1.7985674664378166,0.11248133331537247,0.08425396680831909,0.08435464650392532
945,1.7985135912895203,0.11242857575416565,0.08425386250019073,0.08435463905334473
946,1.7984596863389015,0.11237571388483047,0.08425375074148178,0.08435464650392532
947,1.7984056249260902,0.11232277005910873,0.08425364643335342,0.08435463905334473
948,1.7983514368534088,0.11226969957351685,0.08425353467464447,0.08435463905334473
949,1.7982971742749214,0.11221655458211899,0.08425342291593552,0.08435463905334473
950,1.7982427850365639,0.11216328293085098,0.08425331860780716,0.08435463160276413
951,1.798188328742981,0.1121099442243576,0.0842532068490982,0.08435463160276413
952,1.7981336787343025,0.11205648630857468,0.08425309509038925,0.08435462415218353
953,1.7980789989233017,0.11200292408466339,0.0842529833316803,0.08435462415218353
954,1.798024170100689,0.11194928735494614,0.08425287157297134,0.08435461670160294
955,1.797969289124012,0.11189552396535873,0.08425275981426239,0.08435461670160294
956,1.7979142665863037,0.11184169352054596,0.08425264805555344,0.08435460925102234
957,1.7978592067956924,0.11178775131702423,0.08425254374742508,0.08435460180044174
958,1.7978041097521782,0.11173369735479355,0.08425243198871613,0.08435460925102234
959,1.7977488040924072,0.11167958378791809,0.08425232023000717,0.08435460180044174
960,1.7976934611797333,0.11162535846233368,0.08425221592187881,0.08435459434986115
961,1.7976377978920937,0.11157103627920151,0.08425209671258926,0.08435457944869995
962,1.7975823357701302,0.11151661723852158,0.08425199240446091,0.08435457944869995
963,1.7975265756249428,0.11146212369203568,0.08425187319517136,0.08435457199811935
964,1.7974708527326584,0.11140751838684082,0.084251768887043,0.08435456454753876
965,1.7974149584770203,0.1113528162240982,0.08425166457891464,0.08435454964637756
966,1.7973588332533836,0.11129803210496902,0.0842515379190445,0.08435454219579697
967,1.7973029240965843,0.11124316602945328,0.08425142616033554,0.08435454964637756
968,1.7972466722130775,0.11118818074464798,0.08425131440162659,0.08435453474521637
969,1.7971904501318932,0.1111331507563591,0.08425120264291763,0.08435452729463577
970,1.7971339523792267,0.11107799410820007,0.08425109088420868,0.08435450494289398
971,1.7970776706933975,0.11102275550365448,0.08425098657608032,0.08435450494289398
972,1.7970209494233131,0.11096744984388351,0.08425085991621017,0.08435449004173279
973,1.796964354813099,0.11091204732656479,0.08425075560808182,0.0843544751405716
974,1.7969076931476593,0.11085657775402069,0.08425064384937286,0.084354467689991
975,1.7968507707118988,0.11080099642276764,0.08425052464008331,0.0843544527888298
976,1.79679387062788,0.11074536293745041,0.08425041288137436,0.08435443788766861
977,1.796736940741539,0.11068962514400482,0.0842503011226654,0.08435443043708801
978,1.7966796979308128,0.11063379794359207,0.08425018936395645,0.08435440063476562
979,1.796622671186924,0.11057788878679276,0.0842500776052475,0.08435440063476562
980,1.7965652793645859,0.11052191257476807,0.08424995094537735,0.08435438573360443
981,1.7965078949928284,0.110465869307518,0.0842498391866684,0.08435436338186264
982,1.7964504808187485,0.11040972173213959,0.08424972742795944,0.08435434848070145
983,1.7963929250836372,0.1103535071015358,0.08424960821866989,0.08435433357954025
984,1.7963352873921394,0.11029721051454544,0.08424949645996094,0.08435431122779846
985,1.7962775826454163,0.11024084687232971,0.08424937725067139,0.08435429632663727
986,1.7962197959423065,0.11018440127372742,0.08424926549196243,0.08435427397489548
987,1.7961618453264236,0.11012786626815796,0.08424914628267288,0.08435425162315369
988,1.7961038947105408,0.11007125675678253,0.08424903452396393,0.0843542292714119
989,1.7960458770394325,0.11001458019018173,0.08424891531467438,0.0843542143702507
990,1.7959877252578735,0.10995784401893616,0.08424880355596542,0.08435418456792831
991,1.7959293648600578,0.1099010482430458,0.08424867689609528,0.08435415476560593
992,1.79587122797966,0.10984417796134949,0.08424855768680573,0.08435414731502533
993,1.7958127930760384,0.1097872331738472,0.08424844592809677,0.08435411006212234
994,1.795754335820675,0.10973019152879715,0.08424831926822662,0.08435409516096115
995,1.7956959828734398,0.10967310518026352,0.08424821496009827,0.08435407280921936
996,1.7956372573971748,0.10961594432592392,0.08424809575080872,0.08435403555631638
997,1.7955784797668457,0.10955873131752014,0.08424796909093857,0.08435400575399399
998,1.7955198660492897,0.10950145870447159,0.08424785733222961,0.0843539834022522
999,1.7954610139131546,0.10944409668445587,0.08424773812294006,0.08435395359992981
1000,1.7954020500183105,0.10938669741153717,0.08424761891365051,0.08435391634702682
