iteration,residual,left_bc,right_bc,mrae,max_error
10,0.0052335928194224834,1.0237449407577515,0.011199946515262127,1.0503045320510864,1.0386000871658325
20,0.0017424263060092926,0.7678802013397217,0.020003296434879303,0.9888973832130432,0.8703919053077698
30,0.00994538888335228,0.5553140044212341,0.035222698003053665,0.9379544854164124,0.7974549531936646
40,0.027873294427990913,0.38848960399627686,0.05481394752860069,0.8943655490875244,0.7302562594413757
50,0.05216477811336517,0.26815086603164673,0.07485073804855347,0.8558127880096436,0.6676468849182129
60,0.07791866362094879,0.19034218788146973,0.09041105955839157,0.8221535086631775,0.614276647567749
70,0.09907566756010056,0.1461193710565567,0.09881951659917831,0.7955469489097595,0.5736058354377747
80,0.11087202280759811,0.12453281879425049,0.10144010931253433,0.7794133424758911,0.5457149147987366
90,0.11359883844852448,0.11610566824674606,0.10087163001298904,0.7728391885757446,0.5273224711418152
100,0.11163336783647537,0.11393053084611893,0.09864192456007004,0.7709326148033142,0.5138492584228516
110,0.10896694660186768,0.11337564140558243,0.09578318148851395,0.7696672081947327,0.5014793276786804
120,0.1072520911693573,0.11193636804819107,0.09323962032794952,0.7677018642425537,0.4881361126899719
130,0.10663706809282303,0.10900547355413437,0.09137053042650223,0.7650643587112427,0.4734026789665222
140,0.10677298903465271,0.10511542856693268,0.08993840962648392,0.7619616389274597,0.45781469345092773
150,0.10719817876815796,0.10103309899568558,0.08863144367933273,0.7587060928344727,0.4420965909957886
160,0.10754615813493729,0.09724518656730652,0.08732552826404572,0.7556812763214111,0.43454644083976746
170,0.10769599676132202,0.09388913214206696,0.08599638938903809,0.7529844045639038,0.4336857199668884
180,0.107711061835289,0.09089123457670212,0.084647998213768,0.7504630088806152,0.433740496635437
190,0.10768033564090729,0.08812548220157623,0.08331307023763657,0.747963011264801,0.43454790115356445
200,0.10765005648136139,0.08551213145256042,0.08202172070741653,0.7454888820648193,0.4360085725784302
210,0.1076318547129631,0.08303453028202057,0.08077602088451385,0.7429806590080261,0.4380297064781189
220,0.10761863738298416,0.0807071104645729,0.07956624031066895,0.7404417991638184,0.4406660199165344
230,0.10760215669870377,0.0785422995686531,0.07838639616966248,0.7378168106079102,0.44386130571365356
240,0.10758547484874725,0.07653819024562836,0.07723364979028702,0.7351062297821045,0.44741177558898926
250,0.1075788289308548,0.07468308508396149,0.07610783725976944,0.7322900295257568,0.45076102018356323
260,0.10759194195270538,0.07296408712863922,0.07501038908958435,0.7293440699577332,0.45384681224823
270,0.10763170570135117,0.07137148827314377,0.07394187152385712,0.7262488007545471,0.4566391110420227
280,0.10770165920257568,0.06989861279726028,0.07290240377187729,0.7229856252670288,0.4591401219367981
290,0.10780332237482071,0.06853928416967392,0.07189247757196426,0.7195627093315125,0.46135783195495605
300,0.10793664306402206,0.06728671491146088,0.0709133893251419,0.7159771919250488,0.46330466866493225
310,0.10809935629367828,0.0661339983344078,0.06996725499629974,0.7122406959533691,0.46499720215797424
320,0.10828710347414017,0.06507467478513718,0.06905615329742432,0.708397388458252,0.4664568305015564
330,0.10849303007125854,0.06410293281078339,0.06818261742591858,0.7044711709022522,0.467708557844162
340,0.10870908945798874,0.06321326643228531,0.06734886765480042,0.7004833221435547,0.4687793254852295
350,0.1089264452457428,0.06240026652812958,0.06655700504779816,0.696457028388977,0.46969667077064514
360,0.10913635045289993,0.061658795922994614,0.06580863147974014,0.6924116015434265,0.47048717737197876
370,0.1093309074640274,0.06098364293575287,0.06510483473539352,0.6883671879768372,0.47117504477500916
380,0.109503835439682,0.06036962568759918,0.06444579362869263,0.6843475699424744,0.47178149223327637
390,0.10965040326118469,0.05981164425611496,0.06383120268583298,0.6803815364837646,0.47232428193092346
400,0.1097680851817131,0.059304602444171906,0.0632598027586937,0.6764687299728394,0.47281715273857117
410,0.10985593497753143,0.058843519538640976,0.06272988766431808,0.6726178526878357,0.47327083349227905
420,0.10991448909044266,0.058423612266778946,0.06223941966891289,0.668831467628479,0.47369346022605896
430,0.10994566231966019,0.05804038792848587,0.06178576126694679,0.665116012096405,0.4740906059741974
440,0.1099519357085228,0.0576896034181118,0.061366427689790726,0.6614718437194824,0.47446686029434204
450,0.10993603616952896,0.057367533445358276,0.060978859663009644,0.6578971743583679,0.47482603788375854
460,0.109901063144207,0.057070884853601456,0.06062036752700806,0.6543936729431152,0.4751715660095215
470,0.10984967648983002,0.056796781718730927,0.0602886825799942,0.6509603261947632,0.47550663352012634
480,0.10978446155786514,0.0565427727997303,0.059981558471918106,0.6475985646247864,0.47583436965942383
490,0.10970772057771683,0.05630674958229065,0.0596969798207283,0.6443136930465698,0.476157546043396
500,0.10962136834859848,0.056087106466293335,0.05943295359611511,0.6411081552505493,0.47647935152053833
510,0.10952692478895187,0.0558822900056839,0.05918797478079796,0.6379839181900024,0.4768107533454895
520,0.10942575335502625,0.05569121986627579,0.05896035581827164,0.634943962097168,0.47717270255088806
530,0.10931897163391113,0.05551283434033394,0.05874873697757721,0.6319901347160339,0.47753700613975525
540,0.10920755565166473,0.05534621700644493,0.05855172127485275,0.6291248798370361,0.47790393233299255
550,0.10909202694892883,0.05519060418009758,0.05836836248636246,0.6263495087623596,0.4782731235027313
560,0.10897330194711685,0.055045437067747116,0.05819714441895485,0.6236648559570312,0.47864392399787903
570,0.10885156691074371,0.05490991845726967,0.058037493377923965,0.6210718154907227,0.47901463508605957
580,0.10872747004032135,0.05478350445628166,0.057888224720954895,0.6185691356658936,0.4793834984302521
590,0.10860119014978409,0.05466580018401146,0.057748518884181976,0.6161563396453857,0.47974902391433716
600,0.10847309231758118,0.054556138813495636,0.057617589831352234,0.6138313412666321,0.48010897636413574
610,0.10834349691867828,0.05445399507880211,0.05749468132853508,0.6115920543670654,0.48046085238456726
620,0.10821250826120377,0.05435899272561073,0.0573790967464447,0.6094381809234619,0.48080283403396606
630,0.10808050632476807,0.05427057668566704,0.05727013945579529,0.6073660850524902,0.4811328053474426
640,0.10794741660356522,0.054188355803489685,0.057167381048202515,0.6053742170333862,0.4814482629299164
650,0.10781367123126984,0.054111793637275696,0.05707007274031639,0.6034582853317261,0.48174765706062317
660,0.10767929255962372,0.05404047667980194,0.05697783827781677,0.601616621017456,0.4820287525653839
670,0.10754438489675522,0.053974125534296036,0.05689007416367531,0.5998460650444031,0.4822901487350464
680,0.10740925371646881,0.053912024945020676,0.056806497275829315,0.5981429219245911,0.48252981901168823
690,0.10727396607398987,0.05385402962565422,0.056726496666669846,0.5965035557746887,0.48274677991867065
700,0.10713846236467361,0.05379965156316757,0.056649915874004364,0.5949260592460632,0.4829391539096832
710,0.10700308531522751,0.05374855175614357,0.0565761923789978,0.593405544757843,0.4831063151359558
720,0.10686774551868439,0.05370033159852028,0.05650518089532852,0.5919387936592102,0.4832465946674347
730,0.10673258453607559,0.053654737770557404,0.0564364455640316,0.5905226469039917,0.4833596646785736
740,0.10659772902727127,0.05361136421561241,0.05636972561478615,0.5891531705856323,0.4834439754486084
750,0.10646305978298187,0.05356995016336441,0.05630486458539963,0.5878278613090515,0.48349934816360474
760,0.10632874816656113,0.053530141711235046,0.056241534650325775,0.5865430235862732,0.4835246205329895
770,0.10619468241930008,0.05349178984761238,0.05617954954504967,0.5852959752082825,0.4835195541381836
780,0.10606089979410172,0.053454551845788956,0.05611870810389519,0.5840837955474854,0.48348331451416016
790,0.10592740774154663,0.05341817066073418,0.056058820337057114,0.5829033255577087,0.48342373967170715
800,0.10579407215118408,0.053382471203804016,0.05599972605705261,0.5817524194717407,0.483334481716156
810,0.10566089302301407,0.05334721878170967,0.055941272526979446,0.5806275606155396,0.4832122027873993
820,0.10552778840065002,0.053312186151742935,0.05588327348232269,0.5795259475708008,0.48305657505989075
830,0.10539465397596359,0.053277190774679184,0.055825624614953995,0.5784450769424438,0.48286741971969604
840,0.10526125878095627,0.053242187947034836,0.055768173187971115,0.5773828029632568,0.48264455795288086
850,0.10512763261795044,0.053206756711006165,0.055710919201374054,0.5763368010520935,0.48238706588745117
860,0.10499358922243118,0.05317095294594765,0.05565351992845535,0.5753043293952942,0.48209547996520996
870,0.10485885292291641,0.05313456058502197,0.055596087127923965,0.5742835998535156,0.48176896572113037
880,0.10472328215837479,0.053097400814294815,0.05553846061229706,0.5732718706130981,0.4814073443412781
890,0.10458680242300034,0.053059399127960205,0.05548042431473732,0.5722668170928955,0.4810101389884949
900,0.10444893687963486,0.0530204251408577,0.05542207509279251,0.5712671875953674,0.4805770516395569
910,0.10430968552827835,0.05298033356666565,0.055363185703754425,0.570270836353302,0.48010769486427307
920,0.10416872054338455,0.05293897166848183,0.055303726345300674,0.5692758560180664,0.4796016812324524
930,0.10402576625347137,0.05289633572101593,0.055243536829948425,0.5682806372642517,0.4790586233139038
940,0.10388055443763733,0.05285212770104408,0.05518265441060066,0.567283034324646,0.4784777760505676
950,0.10373278707265854,0.052806444466114044,0.055120840668678284,0.5662810802459717,0.47785884141921997
960,0.10358224809169769,0.05275896191596985,0.0550580695271492,0.5652730464935303,0.47720131278038025
970,0.10342837870121002,0.05270978808403015,0.05499428138136864,0.5642575025558472,0.476504385471344
980,0.10327112674713135,0.05265865847468376,0.054929282516241074,0.5632325410842896,0.47576746344566345
990,0.1031099483370781,0.05260545387864113,0.05486312881112099,0.5621970295906067,0.4749899208545685
1000,0.10294457525014877,0.05255015939474106,0.05479554459452629,0.5611490607261658,0.4741712510585785
1010,0.10277467221021652,0.05249255895614624,0.054726436734199524,0.5600870847702026,0.4733108580112457
1020,0.10259989649057388,0.05243249610066414,0.054655738174915314,0.5590092539787292,0.472407728433609
1030,0.10241974890232086,0.05237005278468132,0.054583244025707245,0.5579140782356262,0.47146177291870117
1040,0.10223390907049179,0.05230482667684555,0.054508987814188004,0.5568000674247742,0.47047170996665955
1050,0.10204193741083145,0.052236925810575485,0.05443265289068222,0.5556663274765015,0.4694378077983856
1060,0.1018437072634697,0.052165985107421875,0.054354093968868256,0.5545107126235962,0.4683593213558197
1070,0.10163874924182892,0.05209200829267502,0.05427312105894089,0.5533314347267151,0.4672359824180603
1080,0.10142676532268524,0.05201482027769089,0.05418956279754639,0.552127480506897,0.46606820821762085
1090,0.10120750218629837,0.05193418264389038,0.05410328134894371,0.5508976578712463,0.4648555517196655
1100,0.10098054260015488,0.05185021087527275,0.05401397496461868,0.5496405363082886,0.46359938383102417
1110,0.10074605792760849,0.05176243185997009,0.053921427577733994,0.5483548641204834,0.46229982376098633
1120,0.10050373524427414,0.051671046763658524,0.053825218230485916,0.5470389723777771,0.46095895767211914
1130,0.100253626704216,0.05157572031021118,0.05372530221939087,0.5456923842430115,0.45957815647125244
1140,0.0999956801533699,0.051476456224918365,0.053621288388967514,0.5443140268325806,0.45816004276275635
1150,0.09973011910915375,0.051373254507780075,0.053512800484895706,0.5429036021232605,0.4567078948020935
1160,0.09945715963840485,0.051265984773635864,0.053399618715047836,0.5414607524871826,0.4552251696586609
1170,0.09917721897363663,0.05115475133061409,0.0532812625169754,0.5399845242500305,0.4537166953086853
1180,0.09889068454504013,0.05103965103626251,0.05315741151571274,0.5384745001792908,0.4521879553794861
1190,0.09859810769557953,0.05092080309987068,0.053027763962745667,0.5369318127632141,0.450644850730896
1200,0.09830009192228317,0.050798408687114716,0.05289199575781822,0.5353559851646423,0.4490939974784851
1210,0.0979972556233406,0.0506727434694767,0.052749790251255035,0.533748209476471,0.44754278659820557
1220,0.09769038110971451,0.0505441352725029,0.05260086432099342,0.5321083664894104,0.44599902629852295
1230,0.0973801389336586,0.05041298270225525,0.052445072680711746,0.5304380655288696,0.4444703459739685
1240,0.09706714749336243,0.050279829651117325,0.052282221615314484,0.5287395715713501,0.44296538829803467
1250,0.09675220400094986,0.05014483630657196,0.05211248621344566,0.5270139575004578,0.4414913058280945
1260,0.09643593430519104,0.05000869929790497,0.05193566903471947,0.5252646207809448,0.4400556683540344
1270,0.09611896425485611,0.04987169802188873,0.05175207555294037,0.5234968066215515,0.43867820501327515
1280,0.09580191969871521,0.04973413795232773,0.05156196653842926,0.5217128992080688,0.4373607039451599
1290,0.09548524767160416,0.04959619417786598,0.05136586353182793,0.5199146866798401,0.4361006021499634
1300,0.09516963362693787,0.04945816844701767,0.0511639267206192,0.5181061625480652,0.4349015951156616
1310,0.09485530853271484,0.049320001155138016,0.05095696076750755,0.5162945985794067,0.43376630544662476
1320,0.09454281628131866,0.04918161407113075,0.05074542388319969,0.5144856572151184,0.4326966404914856
1330,0.09423236548900604,0.04904284328222275,0.05052981153130531,0.5126868486404419,0.4316936135292053
1340,0.09392423927783966,0.04890347644686699,0.0503106452524662,0.5109015107154846,0.43075788021087646
1350,0.09361830353736877,0.048763174563646317,0.050088416785001755,0.5091288089752197,0.4298896789550781
1360,0.09331441670656204,0.04862174019217491,0.04986327514052391,0.5073726773262024,0.4290892481803894
1370,0.09301217645406723,0.04847842454910278,0.0496356338262558,0.5056436061859131,0.42835551500320435
1380,0.09271066635847092,0.04833320900797844,0.04940541088581085,0.5039406418800354,0.4276888370513916
1390,0.0924089178442955,0.04818534478545189,0.0491725355386734,0.5022610425949097,0.42708879709243774
1400,0.0921056866645813,0.048034291714429855,0.04893666133284569,0.5006018877029419,0.4265556335449219
1410,0.09179917722940445,0.0478794127702713,0.04869735985994339,0.49895840883255005,0.42608892917633057
1420,0.09148739278316498,0.04772002995014191,0.04845388978719711,0.49732616543769836,0.4256895184516907
1430,0.09116795659065247,0.04755528271198273,0.04820547625422478,0.49570193886756897,0.42535847425460815
1440,0.09083837270736694,0.04738403111696243,0.047951068729162216,0.4940818250179291,0.4250975251197815
1450,0.0904960185289383,0.047205109149217606,0.047689225524663925,0.4924545884132385,0.42490947246551514
1460,0.0901377871632576,0.047017231583595276,0.04741854593157768,0.490813285112381,0.4247981309890747
1470,0.08976082503795624,0.04681864753365517,0.04713737219572067,0.4891451299190521,0.4247685670852661
1480,0.08936220407485962,0.0466073602437973,0.04684392362833023,0.4874379336833954,0.4248271584510803
1490,0.08893898874521255,0.04638150706887245,0.046536173671483994,0.48567548394203186,0.42498183250427246
1500,0.08848886936903,0.04613831266760826,0.04621223732829094,0.48384395241737366,0.4252414107322693
1510,0.08800993114709854,0.045875195413827896,0.045870017260313034,0.4819294810295105,0.4256155490875244
1520,0.0875011682510376,0.04558916762471199,0.045507680624723434,0.47991612553596497,0.4261133074760437
1530,0.08696281164884567,0.04527689144015312,0.045123763382434845,0.4777882397174835,0.4267428517341614
1540,0.08639683574438095,0.04493530094623566,0.04471692815423012,0.47552916407585144,0.4275083541870117
1550,0.08580681681632996,0.04456134885549545,0.04428691416978836,0.47312313318252563,0.42840856313705444
1560,0.08519899845123291,0.04415242001414299,0.04383404925465584,0.4705565869808197,0.429482638835907
1570,0.08458170294761658,0.043706804513931274,0.04335949197411537,0.46782076358795166,0.4306747317314148
1580,0.08396531641483307,0.04322369769215584,0.042865362018346786,0.4649105966091156,0.4319305419921875
1590,0.08336113393306732,0.04270333796739578,0.04235463589429855,0.4618242084980011,0.4331982135772705
1600,0.08278007060289383,0.042147278785705566,0.0418304018676281,0.45856860280036926,0.4344145655632019
1610,0.0822312980890274,0.04155754670500755,0.04129567742347717,0.45515742897987366,0.43550944328308105
1620,0.08172085881233215,0.04093664884567261,0.040752772241830826,0.45160913467407227,0.4364156723022461
1630,0.08125102519989014,0.04028687626123428,0.040203340351581573,0.44793686270713806,0.4370713233947754
1640,0.08082087337970734,0.03961058333516121,0.039648234844207764,0.4441523849964142,0.43743962049484253
1650,0.08042667806148529,0.03891059383749962,0.0390884093940258,0.4402572214603424,0.4375030994415283
1660,0.08006356656551361,0.03819072246551514,0.0385245643556118,0.4362476170063019,0.4372686743736267
1670,0.07972501963376999,0.037456270307302475,0.037958379834890366,0.43211767077445984,0.436762273311615
1680,0.07940477132797241,0.03671349585056305,0.03739127889275551,0.42786309123039246,0.4360203742980957
1690,0.0790964663028717,0.035969238728284836,0.036824677139520645,0.42348647117614746,0.43507951498031616
1700,0.07879477739334106,0.03522975370287895,0.03625974804162979,0.41899624466896057,0.43397778272628784
1710,0.07849566638469696,0.03450009971857071,0.035697389394044876,0.41440731287002563,0.4327821135520935
1720,0.07819639891386032,0.033784084022045135,0.035137999802827835,0.4097386598587036,0.43145865201950073
1730,0.07789473235607147,0.033084288239479065,0.03458234295248985,0.4050105810165405,0.43001794815063477
1740,0.07758893817663193,0.03240245208144188,0.034031111747026443,0.4002475440502167,0.42846786975860596
1750,0.07727698981761932,0.03173977881669998,0.03348539024591446,0.39547425508499146,0.42681390047073364
1760,0.07695724070072174,0.03109700046479702,0.032945990562438965,0.39071786403656006,0.4250611662864685
1770,0.0766279324889183,0.0304743442684412,0.03241399675607681,0.3860768973827362,0.42321324348449707
1780,0.07628823071718216,0.029871517792344093,0.03188979998230934,0.3816559612751007,0.421272337436676
1790,0.07593667507171631,0.029288025572896004,0.03137420117855072,0.3774997889995575,0.41923850774765015
1800,0.07557272911071777,0.02872307039797306,0.0308672022074461,0.3734568953514099,0.4171087145805359
1810,0.07519522309303284,0.02817567065358162,0.030369164422154427,0.3695143163204193,0.4149588346481323
1820,0.07480332255363464,0.027644846588373184,0.029879745095968246,0.36565709114074707,0.4128274917602539
1830,0.07439534366130829,0.02712971344590187,0.02939913608133793,0.36189785599708557,0.4105721712112427
1840,0.07397017627954483,0.026629187166690826,0.028926655650138855,0.3583161532878876,0.4081767797470093
1850,0.07352570444345474,0.026142437011003494,0.028462152928113937,0.3547724485397339,0.4056209921836853
1860,0.07306067645549774,0.025668403133749962,0.028004463762044907,0.3512166142463684,0.40288203954696655
1870,0.07257257401943207,0.02520623989403248,0.02755320630967617,0.3476245701313019,0.3999333381652832
1880,0.07205983996391296,0.024754857644438744,0.027107063680887222,0.34398436546325684,0.39674603939056396
1890,0.07152052968740463,0.024313094094395638,0.026664897799491882,0.3402509391307831,0.3932878375053406
1900,0.07095237821340561,0.02387995459139347,0.026225624606013298,0.33640986680984497,0.3895227313041687
1910,0.07035353034734726,0.023454109206795692,0.025787746533751488,0.33241406083106995,0.38541358709335327
1920,0.06972168385982513,0.02303425595164299,0.02535002864897251,0.32823461294174194,0.38092005252838135
1930,0.06905470788478851,0.022618938237428665,0.02491087093949318,0.3238435685634613,0.3760000467300415
1940,0.06834975630044937,0.0222066231071949,0.024468963965773582,0.3192172646522522,0.37061208486557007
1950,0.06760375201702118,0.02179553546011448,0.024022720754146576,0.3143296241760254,0.36471545696258545
1960,0.06681308150291443,0.021383855491876602,0.023570282384753227,0.3091626465320587,0.35827553272247314
1970,0.06597275286912918,0.020969336852431297,0.02311018668115139,0.30372703075408936,0.3512647747993469
1980,0.06507742404937744,0.020549297332763672,0.02264031395316124,0.2980482280254364,0.34366899728775024
1990,0.06412005424499512,0.02012065425515175,0.022158680483698845,0.29221224784851074,0.3354911804199219
2000,0.06309253722429276,0.01967969350516796,0.021663155406713486,0.2863221764564514,0.3267534375190735
2010,0.06198570504784584,0.019221989437937737,0.021151475608348846,0.28057661652565,0.3174992799758911
2020,0.06078900769352913,0.018742429092526436,0.020622026175260544,0.2753281593322754,0.3077870011329651
2030,0.05949143320322037,0.01823521964251995,0.0200735405087471,0.2702885866165161,0.29768604040145874
2040,0.058080900460481644,0.01769448257982731,0.019506433978676796,0.26510414481163025,0.28743720054626465
2050,0.05654597654938698,0.01711469329893589,0.01892237365245819,0.25979188084602356,0.2774367332458496
2060,0.05487649142742157,0.016491277143359184,0.01832525059580803,0.25432735681533813,0.26726436614990234
2070,0.05306569114327431,0.015821663662791252,0.017720835283398628,0.24877934157848358,0.26346123218536377
2080,0.051113273948431015,0.015105599537491798,0.017116453498601913,0.24319499731063843,0.2667548656463623
2090,0.04902809113264084,0.014346268028020859,0.016520073637366295,0.23761501908302307,0.2697063684463501
2100,0.04683241993188858,0.013549902476370335,0.015938347205519676,0.23213593661785126,0.2721717357635498
2110,0.04456357657909393,0.012726026587188244,0.015374213457107544,0.22678816318511963,0.27399080991744995
2120,0.04227277263998985,0.011886063031852245,0.014825121499598026,0.2218094915151596,0.27500486373901367
2130,0.04001709446310997,0.011041835881769657,0.014284355565905571,0.2199854552745819,0.27509570121765137
2140,0.03784807026386261,0.010204900987446308,0.013744469732046127,0.21839259564876556,0.2742254137992859
2150,0.03580057993531227,0.009386741556227207,0.013202792964875698,0.21641260385513306,0.27247101068496704
2160,0.033886827528476715,0.008599306456744671,0.012665215879678726,0.21402697265148163,0.270010769367218
2170,0.0321015790104866,0.007854057475924492,0.012141935527324677,0.211334690451622,0.26705533266067505
2180,0.030432458966970444,0.0071588438004255295,0.011642097495496273,0.20884811878204346,0.2637736201286316
2190,0.028871938586235046,0.006515576504170895,0.011168858967721462,0.20623424649238586,0.26025110483169556
2200,0.027419349178671837,0.005921521689742804,0.010720356367528439,0.20352762937545776,0.2565150856971741
2210,0.026076726615428925,0.005372644402086735,0.010292540304362774,0.20058175921440125,0.252572238445282
2220,0.024844683706760406,0.004865908529609442,0.009880918078124523,0.19737321138381958,0.24842627346515656
2230,0.02371956594288349,0.004399900324642658,0.00948235485702753,0.19393013417720795,0.24408666789531708
2240,0.02269562892615795,0.00397370383143425,0.00909399800002575,0.19055967032909393,0.239566370844841
2250,0.021765640005469322,0.0035862629301846027,0.008713511750102043,0.18715563416481018,0.23487748205661774
2260,0.02092122659087181,0.003236079355701804,0.008339536376297474,0.1835562139749527,0.23003773391246796
2270,0.020153705030679703,0.002921225968748331,0.00797140784561634,0.1798388510942459,0.22506596148014069
2280,0.01945469342172146,0.0026391923893243074,0.007609281688928604,0.17604099214076996,0.21998398005962372
2290,0.018816174939274788,0.0023872407618910074,0.007253933697938919,0.17218664288520813,0.21481525897979736
2300,0.018231019377708435,0.0021623384673148394,0.006906653754413128,0.1682840883731842,0.2095872014760971
2310,0.017692696303129196,0.0019615571945905685,0.00656897434964776,0.16437402367591858,0.20432375371456146
2320,0.01719549484550953,0.0017821360379457474,0.006242508068680763,0.16049382090568542,0.1990584433078766
2330,0.016734352335333824,0.0016216202639043331,0.0059286439791321754,0.1566641479730606,0.19381454586982727
2340,0.01630486361682415,0.0014778666663914919,0.0056285737082362175,0.15290798246860504,0.188617542386055
2350,0.015903126448392868,0.0013490398414433002,0.005343185737729073,0.1492457091808319,0.18349383771419525
2360,0.015525850467383862,0.0012336279032751918,0.005072853993624449,0.14569835364818573,0.17845802009105682
2370,0.015170137397944927,0.0011302146594971418,0.004817925859242678,0.14228922128677368,0.17352907359600067
2380,0.014833569526672363,0.0010377224534749985,0.004578139632940292,0.13902521133422852,0.1687185913324356
2390,0.014513942413032055,0.000955060648266226,0.004353328607976437,0.13591891527175903,0.16403800249099731
2400,0.014209462329745293,0.0008813506574369967,0.004142950288951397,0.13297119736671448,0.1594928652048111
2410,0.013918518088757992,0.0008157474221661687,0.003946427721530199,0.13017019629478455,0.15509100258350372
2420,0.013639665208756924,0.0007574608316645026,0.003763132495805621,0.1275162547826767,0.15083174407482147
2430,0.013371625915169716,0.0007057949551381171,0.003592354478314519,0.12500320374965668,0.14672066271305084
2440,0.013113283552229404,0.0006600983324460685,0.003433347912505269,0.12261821329593658,0.1427551954984665
2450,0.012863590382039547,0.0006197501788847148,0.003285369835793972,0.12035476416349411,0.1389361321926117
2460,0.012621619738638401,0.0005841872771270573,0.0031476905569434166,0.11821098625659943,0.1352594643831253
2470,0.012386471964418888,0.0005528901237994432,0.0030196267180144787,0.11623063683509827,0.13172392547130585
2480,0.012157396413385868,0.0005253719282336533,0.0029004141688346863,0.11435410380363464,0.12832312285900116
2490,0.01193362195044756,0.0005011990433558822,0.0027894347440451384,0.11257345974445343,0.12505315244197845
2500,0.011714491993188858,0.0004799542366527021,0.0026860388461500406,0.11087749898433685,0.12190952897071838
2510,0.011499407701194286,0.00046127039240673184,0.0025895838625729084,0.10925920307636261,0.1188838928937912
2520,0.011287843808531761,0.0004448447725735605,0.002499460242688656,0.10770867764949799,0.11606799066066742
2530,0.0110793337225914,0.00043032164103351533,0.0024151147808879614,0.10622424632310867,0.11513708531856537
2540,0.010873420163989067,0.0004174757341388613,0.0023360373452305794,0.10479813069105148,0.11437298357486725
2550,0.010669715702533722,0.00040604162495583296,0.002261750167235732,0.10342759639024734,0.11364498734474182
2560,0.010467976331710815,0.0003958126180805266,0.0021917284466326237,0.1021755263209343,0.11293192207813263
2570,0.010267918929457664,0.0003865960461553186,0.002125540981069207,0.10096625238656998,0.11222995817661285
2580,0.010069282725453377,0.00037825119215995073,0.0020628462079912424,0.0997883528470993,0.11153668165206909
2590,0.009871971793472767,0.0003706018324010074,0.0020032161846756935,0.0986342579126358,0.11084894835948944
2600,0.009675786830484867,0.0003635516040958464,0.001946356613188982,0.09749974310398102,0.1101643294095993
2610,0.009480757638812065,0.00035697745624929667,0.0018919043941423297,0.09638343006372452,0.10947965085506439
2620,0.009286729618906975,0.00035081326495856047,0.0018396333325654268,0.09528619050979614,0.10879330337047577
2630,0.0090938163921237,0.0003449345822446048,0.001789238303899765,0.09419848024845123,0.10810098052024841
2640,0.00890196580439806,0.00033933488884940743,0.0017405254766345024,0.09311509132385254,0.10740154981613159
2650,0.00871126540005207,0.00033390920725651085,0.001693302416242659,0.09203305095434189,0.10669288039207458
2660,0.008521831594407558,0.0003286362625658512,0.0016473658615723252,0.09095022827386856,0.10597141087055206
2670,0.008333715610206127,0.0003234785108361393,0.0016026039374992251,0.08986295014619827,0.10523802042007446
2680,0.008147140964865685,0.0003183825174346566,0.0015588488895446062,0.08876816928386688,0.10448840260505676
2690,0.007962215691804886,0.00031333393417298794,0.0015160274924710393,0.08766267448663712,0.10372303426265717
2700,0.007779110223054886,0.00030830991454422474,0.001474072108976543,0.08654709160327911,0.10294002294540405
2710,0.007598056923598051,0.00030328307184390724,0.0014328706311061978,0.08545324951410294,0.10213896632194519
2720,0.007419238798320293,0.0002982277947012335,0.0013923922087997198,0.08436255156993866,0.10131952166557312
2730,0.00724282069131732,0.00029315866413526237,0.0013526506954804063,0.08326070755720139,0.10048063099384308
2740,0.007069075014442205,0.00028802448650822043,0.0013135861372575164,0.082148477435112,0.09962308406829834
2750,0.006898165214806795,0.00028286079759709537,0.0012752076145261526,0.08102427423000336,0.0987471342086792
2760,0.006730318535119295,0.0002776328183244914,0.0012375102378427982,0.0798928290605545,0.09785206615924835
2770,0.006565710995346308,0.00027236330788582563,0.0012005253229290247,0.07875283062458038,0.09694170951843262
2780,0.006404548417776823,0.0002670502581167966,0.0011642469326034188,0.07760374993085861,0.09601335227489471
2790,0.006246973294764757,0.0002616860147099942,0.001128741423599422,0.07644649595022202,0.09507079422473907
2800,0.0060931602492928505,0.0002562937734182924,0.0010939945932477713,0.0753173902630806,0.09411430358886719
2810,0.005943236872553825,0.0002508818870410323,0.0010600375244393945,0.0742153599858284,0.09314464032649994
2820,0.005797331687062979,0.00024545504129491746,0.001026900834403932,0.07311122119426727,0.09216475486755371
2830,0.005655527580529451,0.00024004772421903908,0.0009945950005203485,0.07200568914413452,0.09117493033409119
2840,0.00551792373880744,0.00023466242419090122,0.0009631276479922235,0.07089905440807343,0.09017683565616608
2850,0.005384530872106552,0.00022930465638637543,0.0009325388818979263,0.0697927474975586,0.0891718864440918
2860,0.00525541789829731,0.00022403108596336097,0.0009027841151691973,0.06869141012430191,0.08816146850585938
2870,0.0051305703818798065,0.00021881535940337926,0.0008739039767533541,0.06759874522686005,0.08714723587036133
2880,0.005009995307773352,0.0002137018454959616,0.0008458640077151358,0.06650719791650772,0.08613026142120361
2890,0.004893638659268618,0.00020868467981927097,0.0008186765480786562,0.06542353332042694,0.08511170744895935
2900,0.004781483672559261,0.0002037821977864951,0.000792312843259424,0.06434488296508789,0.08409282565116882
2910,0.004673414397984743,0.00019899901235476136,0.0007667826139368117,0.06327100843191147,0.08307495713233948
2920,0.004569343291223049,0.00019435353169683367,0.0007420588517561555,0.062202490866184235,0.08205880224704742
2930,0.004469162784516811,0.00018985927454195917,0.0007181174587458372,0.06114056333899498,0.08104471862316132
2940,0.004372809547930956,0.00018550080130808055,0.0006949420785531402,0.06008628010749817,0.08003509044647217
2950,0.004280088469386101,0.00018129935779143125,0.0006725162966176867,0.05903969705104828,0.0790298581123352
2960,0.004190914798527956,0.00017724419012665749,0.0006508192745968699,0.05800039693713188,0.0780300498008728
2970,0.004105092026293278,0.0001733442913973704,0.0006298389635048807,0.05697065591812134,0.07703691720962524
2980,0.004022533074021339,0.00016959580534603447,0.0006095361895859241,0.05595159903168678,0.07604999840259552
2990,0.0039430405013263226,0.0001659925328567624,0.0005899202660657465,0.05494283512234688,0.07507115602493286
3000,0.0038664950989186764,0.00016253127250820398,0.000570957432501018,0.05394457280635834,0.07410077750682831
3010,0.003792744129896164,0.00015921865997370332,0.0005526135792024434,0.052959270775318146,0.07313932478427887
3020,0.003721630899235606,0.0001560392847750336,0.0005348992999643087,0.0519891120493412,0.07218706607818604
3030,0.003653057850897312,0.00015299046935979277,0.0005177722196094692,0.05103471502661705,0.07124507427215576
3040,0.0035868410486727953,0.00015007017645984888,0.0005012362380512059,0.0500958189368248,0.07031324505805969
3050,0.0035228971391916275,0.00014726891822647303,0.0004852521524298936,0.04917439445853233,0.06939193606376648
3060,0.003461061045527458,0.00014458710211329162,0.0004698146949522197,0.04827316850423813,0.06848149001598358
3070,0.003401227528229356,0.00014201206795405596,0.000454925000667572,0.047392699867486954,0.06758300960063934
3080,0.003343332791700959,0.0001395440340274945,0.0004405256186146289,0.046530164778232574,0.06669501960277557
3090,0.0032872299198061228,0.00013717678666580468,0.0004266327014192939,0.04568522796034813,0.06581880152225494
3100,0.0032328469678759575,0.0001348961377516389,0.00041322203469462693,0.04486032575368881,0.06495419144630432
3110,0.0031800821889191866,0.00013271323405206203,0.00040026873466558754,0.0440511517226696,0.064101442694664
3120,0.0031288694590330124,0.00013060643686912954,0.0003877683775499463,0.043258100748062134,0.06326010823249817
3130,0.003079124027863145,0.00012858081026934087,0.0003757016093004495,0.04248165711760521,0.062430042773485184
3140,0.00303077045828104,0.00012663230882026255,0.00036405547871254385,0.041721001267433167,0.0616120882332325
3150,0.002983759855851531,0.00012475080438889563,0.0003528124652802944,0.04097837954759598,0.060806047171354294
3160,0.0029380216728895903,0.0001229381887242198,0.00034196418710052967,0.04025331512093544,0.06001024320721626
3170,0.0028935070149600506,0.00012118749145884067,0.0003314867499284446,0.03954437002539635,0.05922669544816017
3180,0.0028501409105956554,0.00011949575855396688,0.00032138850656338036,0.03885237127542496,0.05845357105135918
3190,0.0028079154435545206,0.00011785746755776927,0.0003116208827123046,0.03817790746688843,0.05769186094403267
3200,0.002766742603853345,0.00011627592175500467,0.0003022140881512314,0.03751849755644798,0.05694054439663887
3210,0.0027266263496130705,0.0001147466609836556,0.00029311294201761484,0.03687398508191109,0.05619991198182106
3220,0.002687491476535797,0.00011325758532620966,0.0002843417751137167,0.036244865506887436,0.05546983703970909
3230,0.002649320987984538,0.00011181431909790263,0.00027586662326939404,0.03563110902905464,0.054750148206949234
3240,0.0026120617985725403,0.00011041639663744718,0.0002676917938515544,0.03503210097551346,0.054040390998125076
3250,0.0025756973773241043,0.00010905995441135019,0.000259787542745471,0.03444880247116089,0.05334017053246498
3260,0.002540186746045947,0.000107740139355883,0.0002521696442272514,0.03388262540102005,0.05265012010931969
3270,0.0025055117439478636,0.00010645660222508013,0.00024480436695739627,0.03333465754985809,0.05196904018521309
3280,0.002471647458150983,0.00010520456999074668,0.00023769543622620404,0.03279951587319374,0.05129729583859444
3290,0.002438546624034643,0.00010399048187537119,0.0002308288967469707,0.032274939119815826,0.05063522234559059
3300,0.002406203420832753,0.00010280321293976158,0.000224195871851407,0.03176066651940346,0.04998196288943291
3310,0.0023745957296341658,0.00010164164268644527,0.00021779235976282507,0.03125648573040962,0.0493374727666378
3320,0.0023436734918504953,0.00010051334538729861,0.00021161128825042397,0.030762692913413048,0.04870137199759483
3330,0.0023134411312639713,9.941249300027266e-05,0.00020563407451845706,0.03027806431055069,0.04807353392243385
3340,0.0022838679142296314,9.833426884142682e-05,0.00019986431288998574,0.029803652316331863,0.04745485261082649
3350,0.0022549538407474756,9.727927681524307e-05,0.000194290085346438,0.029339218512177467,0.04684411361813545
3360,0.0022266446612775326,9.624726953916252e-05,0.0001889033301267773,0.02888462506234646,0.046241242438554764
3370,0.0021989468950778246,9.523565677227452e-05,0.00018370231555309147,0.0284382663667202,0.04564613476395607
3380,0.0021718167699873447,9.424506424693391e-05,0.00017868030408862978,0.027999334037303925,0.04505917802453041
3390,0.002145273145288229,9.327330917585641e-05,0.00017382654186803848,0.027568230405449867,0.04447952285408974
3400,0.0021192755084484816,9.23166808206588e-05,0.00016913369472604245,0.027145538479089737,0.043907906860113144
3410,0.0020938150119036436,9.137787856161594e-05,0.00016460388724226505,0.026730865240097046,0.04334339126944542
3420,0.002068860689178109,9.045559272635728e-05,0.00016022802446968853,0.026324724778532982,0.042786095291376114
3430,0.002044416731223464,8.954871009336784e-05,0.00015600249753333628,0.025925185531377792,0.042235832661390305
3440,0.0020204568281769753,8.865642303135246e-05,0.0001519172074040398,0.025533126667141914,0.0416930727660656
3450,0.0019969779532402754,8.777283801464364e-05,0.00014796903997194022,0.025147905573248863,0.041157323867082596
3460,0.0019739579875022173,8.690608956385404e-05,0.00014415419718716294,0.024769095703959465,0.04062803462147713
3470,0.001951378071680665,8.604984759585932e-05,0.0001404723443556577,0.024402445182204247,0.040105853229761124
3480,0.0019292442593723536,8.520210394635797e-05,0.00013691400818061084,0.024065444245934486,0.03959072008728981
3490,0.00190753024071455,8.43649759190157e-05,0.0001334732078248635,0.023735247552394867,0.03908136114478111
3500,0.0018862186698243022,8.353735756827518e-05,0.00013015823788009584,0.023413721472024918,0.03857836499810219
3510,0.0018653105944395065,8.271884871646762e-05,0.0001269474596483633,0.023098934441804886,0.038083020597696304
3520,0.0018447882030159235,8.19084161776118e-05,0.0001238482363987714,0.02279459312558174,0.037593189626932144
3530,0.001824644859880209,8.110482303891331e-05,0.00012085685011697933,0.022497041150927544,0.037109632045030594
3540,0.0018048746278509498,8.030678873183206e-05,0.00011796414764830843,0.022204946726560593,0.03663240745663643
3550,0.0017854507314041257,7.951836596475914e-05,0.0001151692122220993,0.021919017657637596,0.03616010770201683
3560,0.0017663722392171621,7.873129652580246e-05,0.00011247899965383112,0.02163878083229065,0.035695839673280716
3570,0.001747634494677186,7.795187411829829e-05,0.00010987374844262376,0.021365532651543617,0.035237330943346024
3580,0.0017292281845584512,7.71784907556139e-05,0.00010735203977674246,0.021098019555211067,0.0347835011780262
3590,0.0017111398046836257,7.641032425453886e-05,0.00010492210276424885,0.020836306735873222,0.03433562442660332
3600,0.001693357015028596,7.564544648630545e-05,0.00010257880057906732,0.020580582320690155,0.03389335051178932
3610,0.0016758792335167527,7.48836828279309e-05,0.00010031309648184106,0.020330172032117844,0.03345762565732002
3620,0.0016586962155997753,7.412819104501978e-05,9.812512143980712e-05,0.020085273310542107,0.03302695229649544
3630,0.0016418067971244454,7.337219722103328e-05,9.601008787285537e-05,0.01984463259577751,0.032601792365312576
3640,0.0016251913039013743,7.262196595547721e-05,9.397129906574264e-05,0.019611157476902008,0.03218171373009682
3650,0.0016088465927168727,7.187433948274702e-05,9.200393833452836e-05,0.019381601363420486,0.03176741674542427
3660,0.0015927692875266075,7.112650928320363e-05,9.010356734506786e-05,0.019156059250235558,0.03136104345321655
3670,0.0015769504243507981,7.038575131446123e-05,8.826859266264364e-05,0.018935514613986015,0.031153380870819092
3680,0.0015613918658345938,6.964583735680208e-05,8.649617666378617e-05,0.018718475475907326,0.030945420265197754
3690,0.0015460695140063763,6.890884105814621e-05,8.478780364384875e-05,0.0185047909617424,0.030736804008483887
3700,0.0015309922164306045,6.81703386362642e-05,8.314022124977782e-05,0.018294407054781914,0.030527472496032715
3710,0.0015161441406235099,6.743639096384868e-05,8.155124669428915e-05,0.01808779127895832,0.030316650867462158
3720,0.0015015291282907128,6.670561560895294e-05,8.001556852832437e-05,0.017885353416204453,0.030106067657470703
3730,0.0014871343737468123,6.597593164769933e-05,7.85392039688304e-05,0.017688073217868805,0.029894530773162842
3740,0.0014729670947417617,6.524774653371423e-05,7.710990030318499e-05,0.017493488267064095,0.029682815074920654
3750,0.0014590057544410229,6.452186062233523e-05,7.572798494948074e-05,0.017301850020885468,0.02947026491165161
3760,0.0014452572213485837,6.379768456099555e-05,7.439858018187806e-05,0.017113901674747467,0.02925652265548706
3770,0.0014317029854282737,6.307773583102971e-05,7.311691297218204e-05,0.016928663477301598,0.029043197631835938
3780,0.0014183599269017577,6.23564119450748e-05,7.187823939602822e-05,0.016747284680604935,0.02882915735244751
3790,0.0014051964972168207,6.163748184917495e-05,7.068938430165872e-05,0.016568761318922043,0.028614342212677002
3800,0.0013922268990427256,6.09229646215681e-05,6.954185664653778e-05,0.016398532316088676,0.028399527072906494
3810,0.0013794511323794723,6.020634828018956e-05,6.843517621746287e-05,0.0162331722676754,0.028184056282043457
3820,0.0013668487081304193,5.949559636064805e-05,6.736998329870403e-05,0.01607239805161953,0.02796870470046997
3830,0.0013544255634769797,5.878653610125184e-05,6.633951124968007e-05,0.015913162380456924,0.027752459049224854
3840,0.0013421782059594989,5.80764353799168e-05,6.535025750054047e-05,0.01575561612844467,0.027535974979400635
3850,0.001330095692537725,5.7370209106011316e-05,6.43995008431375e-05,0.015600454993546009,0.027319610118865967
3860,0.001318185473792255,5.666772631229833e-05,6.34786338196136e-05,0.015446998178958893,0.0271032452583313
3870,0.001306437887251377,5.597046765615232e-05,6.258633948164061e-05,0.015295349061489105,0.026886343955993652
3880,0.0012948547955602407,5.527036410057917e-05,6.173377914819866e-05,0.015145285055041313,0.026668429374694824
3890,0.0012834101216867566,5.457404040498659e-05,6.091539398767054e-05,0.014997677877545357,0.026451468467712402
3900,0.001272129826247692,5.3881783969700336e-05,6.012367884977721e-05,0.014851538464426994,0.0262337327003479
3910,0.0012609990080818534,5.3192750783637166e-05,5.936316301813349e-05,0.014707044698297977,0.026016652584075928
3920,0.001250015920959413,5.2506169595289975e-05,5.862942271050997e-05,0.01456464733928442,0.025799810886383057
3930,0.001239176606759429,5.182284803595394e-05,5.7923421991290525e-05,0.014423752203583717,0.02558201551437378
3940,0.0012284775730222464,5.114203304401599e-05,5.724295260733925e-05,0.014285541139543056,0.02536410093307495
3950,0.001217914861626923,5.046699152444489e-05,5.658842565026134e-05,0.014150775037705898,0.0251467227935791
3960,0.001207489869557321,4.979138248017989e-05,5.596106348093599e-05,0.014016932807862759,0.024929285049438477
3970,0.0011971917701885104,4.912271469947882e-05,5.5357850214932114e-05,0.013885010033845901,0.024712681770324707
3980,0.001187032787129283,4.845761941396631e-05,5.477243030327372e-05,0.013754379004240036,0.024495184421539307
3990,0.0011769983684644103,4.779602022608742e-05,5.4213338444242254e-05,0.013624691404402256,0.02427816390991211
4000,0.001167089561931789,4.7138055379036814e-05,5.367839912651107e-05,0.01349925808608532,0.024207159876823425
4010,0.0011573085794225335,4.6482753532473e-05,5.3158164519118145e-05,0.013425590470433235,0.02423609420657158
4020,0.0011476370273157954,4.58318718301598e-05,5.26648000231944e-05,0.013370757922530174,0.02426256239414215
4030,0.0011380907380953431,4.5185799535829574e-05,5.2187340770615265e-05,0.013316395692527294,0.024288583546876907
4040,0.0011286642402410507,4.454592999536544e-05,5.172258534003049e-05,0.013262425549328327,0.024315226823091507
4050,0.001119349617511034,4.3908552470384166e-05,5.1282200729474425e-05,0.013208569027483463,0.024341173470020294
4060,0.0011101464042440057,4.327565693529323e-05,5.085769953439012e-05,0.013154825195670128,0.024364616721868515
4070,0.0011010536691173911,4.2647570808185264e-05,5.045207581133582e-05,0.013102203607559204,0.024385560303926468
4080,0.0010920715285465121,4.2025560105685145e-05,5.005774801247753e-05,0.013050545006990433,0.024408534169197083
4090,0.0010831994004547596,4.14075875596609e-05,4.968201392330229e-05,0.012999114580452442,0.024429239332675934
4100,0.0010744233150035143,4.079408245161176e-05,4.932045703753829e-05,0.012949284166097641,0.024448495358228683
4110,0.0010657516540959477,4.0186048863688484e-05,4.897323378827423e-05,0.012900213710963726,0.024466771632432938
4120,0.001057186396792531,3.9584137994097546e-05,4.86381322843954e-05,0.012851846404373646,0.02448609471321106
4130,0.001048717531375587,3.898606155416928e-05,4.831679325434379e-05,0.012803299352526665,0.024502404034137726
4140,0.001040345523506403,3.8393980503315106e-05,4.800847091246396e-05,0.012755307368934155,0.024518080055713654
4150,0.0010320727014914155,3.780654151341878e-05,4.770989835378714e-05,0.012707741931080818,0.024534303694963455
4160,0.0010238918475806713,3.722472320077941e-05,4.742931923829019e-05,0.012661362066864967,0.024546664208173752
4170,0.0010158055229112506,3.664892938104458e-05,4.7156343498500064e-05,0.012615607120096684,0.024560395628213882
4180,0.0010078104678541422,3.60782360075973e-05,4.6893102989997715e-05,0.012570051476359367,0.024571679532527924
4190,0.0009999085450544953,3.5513745388016105e-05,4.664095104089938e-05,0.012524948455393314,0.0245845727622509
4200,0.0009920913726091385,3.4952601708937436e-05,4.639778853743337e-05,0.01248035579919815,0.024594169110059738
4210,0.0009843616280704737,3.4400269214529544e-05,4.616437217919156e-05,0.012435986660420895,0.02460440993309021
4220,0.0009767210576683283,3.385169111425057e-05,4.59392431366723e-05,0.012392072938382626,0.024610992521047592
4230,0.0009691624436527491,3.331105108372867e-05,4.572421312332153e-05,0.012348406948149204,0.02462034299969673
4240,0.0009616831666789949,3.2775085855973884e-05,4.551614620140754e-05,0.012305277399718761,0.02462673932313919
4250,0.0009542914340272546,3.2245239708572626e-05,4.531589729594998e-05,0.012262588366866112,0.02463279664516449
4260,0.0009469757205806673,3.171977732563391e-05,4.512817395152524e-05,0.012220634147524834,0.024636130779981613
4270,0.0009397461544722319,3.120211840723641e-05,4.4941236410522833e-05,0.012179442681372166,0.024641744792461395
4280,0.0009325893479399383,3.0689796403748915e-05,4.4763404730474576e-05,0.012138307094573975,0.024644386023283005
4290,0.0009255092591047287,3.0183649869286455e-05,4.459021511138417e-05,0.012097672559320927,0.024649422615766525
4300,0.0009185066446661949,2.968240369227715e-05,4.4426549720810726e-05,0.01205688901245594,0.024647891521453857
4310,0.0009115773718804121,2.9189304768806323e-05,4.4269061618251726e-05,0.012017360888421535,0.024648629128932953
4320,0.000904722255654633,2.869984382414259e-05,4.411902409628965e-05,0.01197804044932127,0.024646606296300888
4330,0.0008979392587207258,2.8218328225193545e-05,4.396971417008899e-05,0.011939017102122307,0.024647671729326248
4340,0.000891229952685535,2.7742757083615288e-05,4.3825704779010266e-05,0.011900428682565689,0.024645384401082993
4350,0.000884590030182153,2.7274210879113525e-05,4.3686457502190024e-05,0.011861739680171013,0.0246427059173584
4360,0.0008780231000855565,2.680976831470616e-05,4.35532201663591e-05,0.011823611333966255,0.024639297276735306
4370,0.0008715165895409882,2.6351963242632337e-05,4.342692773207091e-05,0.011785615235567093,0.024633944034576416
4380,0.0008650803356431425,2.589981522760354e-05,4.330150113673881e-05,0.01174890249967575,0.02462927997112274
4390,0.0008587094489485025,2.545479037507903e-05,4.3180552893318236e-05,0.011712486855685711,0.02462361380457878
4400,0.0008524067234247923,2.5016175641212612e-05,4.306133632780984e-05,0.011676210910081863,0.02461695671081543
4410,0.0008461715187877417,2.458316521369852e-05,4.294817699701525e-05,0.011640672571957111,0.024608705192804337
4420,0.0008399924263358116,2.4155790015356615e-05,4.2840598325710744e-05,0.011608254164457321,0.024599578231573105
4430,0.0008338840561918914,2.3735759896226227e-05,4.272890146239661e-05,0.011575701646506786,0.024593140929937363
4440,0.0008278306340798736,2.3319827960222028e-05,4.2625881178537384e-05,0.011543777771294117,0.02458414062857628
4450,0.0008218393195420504,2.2910582629265264e-05,4.2523755837464705e-05,0.011512083932757378,0.02457376942038536
4460,0.0008159131975844502,2.2506843379233032e-05,4.242413706379011e-05,0.011480661109089851,0.024563223123550415
4470,0.0008100453414954245,2.2109579731477425e-05,4.232795618008822e-05,0.011450746096670628,0.02454998716711998
4480,0.000804227776825428,2.171761116187554e-05,4.223869109409861e-05,0.011420894414186478,0.024535004049539566
4490,0.0007984748226590455,2.1332230971893296e-05,4.214535147184506e-05,0.011391418054699898,0.02452150732278824
4500,0.0007927772239781916,2.0952724298695102e-05,4.205584991723299e-05,0.011361916549503803,0.02450590953230858
4510,0.0007871426059864461,2.0580648197210394e-05,4.1959337977459654e-05,0.011333439499139786,0.02449369803071022
4520,0.0007815527496859431,2.021245745709166e-05,4.187470767647028e-05,0.0113056730479002,0.024479489773511887
4530,0.0007760161533951759,1.9849723685183562e-05,4.1793504351517186e-05,0.011278203688561916,0.024461865425109863
4540,0.0007705431198701262,1.949433863046579e-05,4.1706291085574776e-05,0.011250860057771206,0.024444155395030975
4550,0.0007651157793588936,1.9142969904351048e-05,4.162824188824743e-05,0.011223440989851952,0.024425163865089417
4560,0.0007597491494379938,1.8798486053128727e-05,4.1541174141457304e-05,0.011196105740964413,0.024410024285316467
4570,0.0007544286781921983,1.845775477704592e-05,4.146230639889836e-05,0.011171911843121052,0.02439073473215103
4580,0.0007491573924198747,1.812166374293156e-05,4.139041993767023e-05,0.011148251593112946,0.024365372955799103
4590,0.00074394402327016,1.7795793610275723e-05,4.130245361011475e-05,0.011125648394227028,0.02435269206762314
4600,0.0007387816440314054,1.7473897969466634e-05,4.121842357562855e-05,0.011102734133601189,0.02433345839381218
4610,0.000733644759748131,1.7150981875602156e-05,4.116307900403626e-05,0.011079221032559872,0.02430015802383423
4620,0.0007285837782546878,1.684209746599663e-05,4.107464701519348e-05,0.011057218536734581,0.024284541606903076
4630,0.000723564182408154,1.6535392205696553e-05,4.099279976799153e-05,0.011034770868718624,0.024264387786388397
4640,0.0007185964495874941,1.6235420844168402e-05,4.0909770177677274e-05,0.011012781411409378,0.02424747496843338
4650,0.0007137188222259283,1.5953322872519493e-05,4.0769293264020234e-05,0.010994242504239082,0.024268530309200287
4660,0.0007092265877872705,1.5773863196955062e-05,4.02527475671377e-05,0.011029490269720554,0.024598535150289536
4670,0.0007081443909555674,1.661086753301788e-05,3.971498881583102e-05,0.011885551735758781,0.0273309126496315
4680,0.0006965644424781203,1.4382529116119258e-05,4.652055577025749e-05,0.011002464219927788,0.02223401516675949
4690,0.000694725604262203,1.4884622032695916e-05,4.029312185593881e-05,0.010886827483773232,0.023687999695539474
4700,0.0006908943760208786,1.4877077774144709e-05,3.946993456338532e-05,0.010998474434018135,0.024735618382692337
4710,0.0006852495134808123,1.4303030184237286e-05,4.044695742777549e-05,0.010897115804255009,0.02420441061258316
4720,0.0006803966825827956,1.3983290955366101e-05,4.078585698152892e-05,0.010835692286491394,0.023757491260766983
4730,0.0006763743585906923,1.3873452189727686e-05,4.005476876045577e-05,0.010843203403055668,0.024037189781665802
4740,0.0006717821233905852,1.3596863936982118e-05,4.013413126813248e-05,0.01082532573491335,0.024008050560951233
4750,0.0006672756862826645,1.3337879863684066e-05,4.016039747511968e-05,0.010791463777422905,0.02387659251689911
4760,0.0006629840354435146,1.312924359808676e-05,3.9962873415788636e-05,0.010786480270326138,0.02393447607755661
4770,0.0006585645605809987,1.2877079825557303e-05,3.998073952971026e-05,0.0107596255838871,0.023849084973335266
4780,0.0006542896153405309,1.2659415915550198e-05,3.985778312198818e-05,0.010746452026069164,0.02385273575782776
4790,0.0006499987794086337,1.2428166883182712e-05,3.980934707215056e-05,0.010725483298301697,0.023805510252714157
4800,0.0006457630661316216,1.220791364175966e-05,3.973460115958005e-05,0.010707614943385124,0.023780927062034607
4810,4.258369517629035e-05,3.833830248822778e-07,6.359786652865296e-07,0.001872700173407793,0.0028865933418273926
4820,6.444844984798692e-06,5.945302632426319e-07,6.162052272884466e-07,0.0023507855366915464,0.004384458065032959
4830,3.510823944452568e-06,1.3665781750660244e-07,3.152495366975927e-07,0.001425952068530023,0.0019339770078659058
4840,1.8225199482913013e-06,1.5712681999957567e-07,2.2729329884896288e-07,0.0008325273520313203,0.001751139760017395
4850,1.8215496311313473e-06,1.5693416344220168e-07,2.2717748038303398e-07,0.0008349367999471724,0.001733735203742981
4860,1.8215496311313473e-06,1.5693416344220168e-07,2.2717748038303398e-07,0.0008349367999471724,0.001733735203742981
4870,1.8215496311313473e-06,1.5693416344220168e-07,2.2717748038303398e-07,0.0008349367999471724,0.001733735203742981
4880,1.8215496311313473e-06,1.5693416344220168e-07,2.2717748038303398e-07,0.0008349367999471724,0.001733735203742981
4890,1.8215496311313473e-06,1.5693416344220168e-07,2.2717748038303398e-07,0.0008349367999471724,0.001733735203742981
4900,1.8215496311313473e-06,1.5693416344220168e-07,2.2717748038303398e-07,0.0008349367999471724,0.001733735203742981
4910,1.8215496311313473e-06,1.5693416344220168e-07,2.2717748038303398e-07,0.0008349367999471724,0.001733735203742981
4920,1.8215496311313473e-06,1.5693416344220168e-07,2.2717748038303398e-07,0.0008349367999471724,0.001733735203742981
4930,1.8215496311313473e-06,1.5693416344220168e-07,2.2717748038303398e-07,0.0008349367999471724,0.001733735203742981
4940,1.8215496311313473e-06,1.5693416344220168e-07,2.2717748038303398e-07,0.0008349367999471724,0.001733735203742981
4950,1.8215496311313473e-06,1.5693416344220168e-07,2.2717748038303398e-07,0.0008349367999471724,0.001733735203742981
4960,1.8215496311313473e-06,1.5693416344220168e-07,2.2717748038303398e-07,0.0008349367999471724,0.001733735203742981
4970,1.8215496311313473e-06,1.5693416344220168e-07,2.2717748038303398e-07,0.0008349367999471724,0.001733735203742981
4980,1.8215496311313473e-06,1.5693416344220168e-07,2.2717748038303398e-07,0.0008349367999471724,0.001733735203742981
4990,1.8215496311313473e-06,1.5693416344220168e-07,2.2717748038303398e-07,0.0008349367999471724,0.001733735203742981
5000,1.8215496311313473e-06,1.5693416344220168e-07,2.2717748038303398e-07,0.0008349367999471724,0.001733735203742981
